{
  "table_name": "fips_us_mapping_codes",
  "schema": "csv_files",
  "database": "csv_files",
  "row_count": 41955,
  "columns": [
    {
      "name": "zipcode",
      "type": "BIGINT",
      "nullable": true,
      "metadata": {
        "distinct_count": 41955,
        "min": "210",
        "max": "99950"
      }
    },
    {
      "name": "zip_name",
      "type": "VARCHAR",
      "nullable": true,
      "metadata": {
        "distinct_count": 18808
      }
    },
    {
      "name": "fips_state_code",
      "type": "VARCHAR",
      "nullable": true,
      "metadata": {
        "distinct_count": 51
      }
    },
    {
      "name": "county_code",
      "type": "VARCHAR",
      "nullable": true,
      "metadata": {
        "distinct_count": 320
      }
    },
    {
      "name": "fips_county_code",
      "type": "VARCHAR",
      "nullable": true,
      "metadata": {
        "distinct_count": 3137
      }
    },
    {
      "name": "zip_latitude",
      "type": "DOUBLE",
      "nullable": true,
      "metadata": {
        "distinct_count": 36339,
        "min": "19.101978",
        "max": "71.299525"
      }
    },
    {
      "name": "zip_longitude",
      "type": "DOUBLE",
      "nullable": true,
      "metadata": {
        "distinct_count": 36361,
        "min": "-176.636755",
        "max": "-67.003914"
      }
    },
    {
      "name": "county_name",
      "type": "VARCHAR",
      "nullable": true,
      "metadata": {
        "distinct_count": 1870
      }
    },
    {
      "name": "county_population",
      "type": "BIGINT",
      "nullable": true,
      "metadata": {
        "distinct_count": 3075,
        "min": "107",
        "max": "8863164"
      }
    },
    {
      "name": "county_housing_units",
      "type": "BIGINT",
      "nullable": true,
      "metadata": {
        "distinct_count": 2958,
        "min": "59",
        "max": "3163343"
      }
    },
    {
      "name": "county_land_area",
      "type": "BIGINT",
      "nullable": true,
      "metadata": {
        "distinct_count": 3135,
        "min": "4744",
        "max": "406944070"
      }
    },
    {
      "name": "county_water_area",
      "type": "BIGINT",
      "nullable": true,
      "metadata": {
        "distinct_count": 3021,
        "min": "0",
        "max": "25155600"
      }
    },
    {
      "name": "county_latitude",
      "type": "BIGINT",
      "nullable": true,
      "metadata": {
        "distinct_count": 3136,
        "min": "19597484",
        "max": "69296886"
      }
    },
    {
      "name": "county_longitude",
      "type": "BIGINT",
      "nullable": true,
      "metadata": {
        "distinct_count": 3137,
        "min": "-17512975",
        "max": "-6760999"
      }
    },
    {
      "name": "state_abbrev",
      "type": "VARCHAR",
      "nullable": true,
      "metadata": {
        "distinct_count": 51
      }
    },
    {
      "name": "state_name",
      "type": "VARCHAR",
      "nullable": true,
      "metadata": {
        "distinct_count": 51
      }
    }
  ],
  "sample_rows": [
    {
      "zipcode": 99585,
      "zip_name": "MARSHALL",
      "fips_state_code": "02",
      "county_code": "270",
      "fips_county_code": "02270",
      "zip_latitude": 61.878073,
      "zip_longitude": -162.084812,
      "county_name": "Wade Hampton Census Area",
      "county_population": 5791,
      "county_housing_units": 1882,
      "county_land_area": 44351368,
      "county_water_area": 6620034,
      "county_latitude": 62087611,
      "county_longitude": -16352942,
      "state_abbrev": "AK",
      "state_name": "ALASKA"
    },
    {
      "zipcode": 93040,
      "zip_name": "PIRU",
      "fips_state_code": "06",
      "county_code": "111",
      "fips_county_code": "06111",
      "zip_latitude": 34.424363,
      "zip_longitude": -118.739086,
      "county_name": "Ventura County",
      "county_population": 669016,
      "county_housing_units": 228478,
      "county_land_area": 4781010,
      "county_water_area": 938649,
      "county_latitude": 34356248,
      "county_longitude": -11914622,
      "state_abbrev": "CA",
      "state_name": "CALIFORNIA"
    },
    {
      "zipcode": 47922,
      "zip_name": "BROOK",
      "fips_state_code": "18",
      "county_code": "111",
      "fips_county_code": "18111",
      "zip_latitude": 40.8685,
      "zip_longitude": -87.358996,
      "county_name": "Newton County",
      "county_population": 13551,
      "county_housing_units": 5276,
      "county_land_area": 1040868,
      "county_water_area": 4363,
      "county_latitude": 40951340,
      "county_longitude": -8740216,
      "state_abbrev": "IN",
      "state_name": "INDIANA"
    },
    {
      "zipcode": 1238,
      "zip_name": "LEE",
      "fips_state_code": "25",
      "county_code": "003",
      "fips_county_code": "25003",
      "zip_latitude": 42.299263,
      "zip_longitude": -73.232707,
      "county_name": "Berkshire County",
      "county_population": 139352,
      "county_housing_units": 64324,
      "county_land_area": 2412318,
      "county_water_area": 38709,
      "county_latitude": 42365138,
      "county_longitude": -7321068,
      "state_abbrev": "MA",
      "state_name": "MASSACHUSETTS"
    },
    {
      "zipcode": 1540,
      "zip_name": "OXFORD",
      "fips_state_code": "25",
      "county_code": "027",
      "fips_county_code": "25027",
      "zip_latitude": 42.117527,
      "zip_longitude": -71.8657,
      "county_name": "Worcester County",
      "county_population": 709705,
      "county_housing_units": 279428,
      "county_land_area": 3919090,
      "county_water_area": 170804,
      "county_latitude": 42350235,
      "county_longitude": -7191169,
      "state_abbrev": "MA",
      "state_name": "MASSACHUSETTS"
    },
    {
      "zipcode": 56447,
      "zip_name": "EMILY",
      "fips_state_code": "27",
      "county_code": "035",
      "fips_county_code": "27035",
      "zip_latitude": 46.735697,
      "zip_longitude": -93.942055,
      "county_name": "Crow Wing County",
      "county_population": 44249,
      "county_housing_units": 29916,
      "county_land_area": 2581442,
      "county_water_area": 414216,
      "county_latitude": 46486988,
      "county_longitude": -9407182,
      "state_abbrev": "MN",
      "state_name": "MINNESOTA"
    },
    {
      "zipcode": 63940,
      "zip_name": "FISK",
      "fips_state_code": "29",
      "county_code": "023",
      "fips_county_code": "29023",
      "zip_latitude": 36.772841,
      "zip_longitude": -90.218018,
      "county_name": "Butler County",
      "county_population": 38765,
      "county_housing_units": 17046,
      "county_land_area": 1806743,
      "county_water_area": 3682,
      "county_latitude": 36715105,
      "county_longitude": -9040317,
      "state_abbrev": "MO",
      "state_name": "MISSOURI"
    },
    {
      "zipcode": 65345,
      "zip_name": "MORA",
      "fips_state_code": "29",
      "county_code": "159",
      "fips_county_code": "29159",
      "zip_latitude": 38.55338,
      "zip_longitude": -93.114175,
      "county_name": "Pettis County",
      "county_population": 35437,
      "county_housing_units": 15443,
      "county_land_area": 1774226,
      "county_water_area": 3509,
      "county_latitude": 38726291,
      "county_longitude": -9328412,
      "state_abbrev": "MO",
      "state_name": "MISSOURI"
    },
    {
      "zipcode": 7644,
      "zip_name": "LODI",
      "fips_state_code": "34",
      "county_code": "003",
      "fips_county_code": "34003",
      "zip_latitude": 40.877999,
      "zip_longitude": -74.082659,
      "county_name": "Bergen County",
      "county_population": 825380,
      "county_housing_units": 324817,
      "county_land_area": 606587,
      "county_water_area": 32673,
      "county_latitude": 40958707,
      "county_longitude": -7407436,
      "state_abbrev": "NJ",
      "state_name": "NEW JERSEY"
    },
    {
      "zipcode": 28635,
      "zip_name": "HAYS",
      "fips_state_code": "37",
      "county_code": "193",
      "fips_county_code": "37193",
      "zip_latitude": 36.315077,
      "zip_longitude": -81.131467,
      "county_name": "Wilkes County",
      "county_population": 59393,
      "county_housing_units": 24960,
      "county_land_area": 1961207,
      "county_water_area": 7087,
      "county_latitude": 36203051,
      "county_longitude": -8116568,
      "state_abbrev": "NC",
      "state_name": "NORTH CAROLINA"
    },
    {
      "zipcode": 44420,
      "zip_name": "GIRARD",
      "fips_state_code": "39",
      "county_code": "155",
      "fips_county_code": "39155",
      "zip_latitude": 41.160758,
      "zip_longitude": -80.693,
      "county_name": "Trumbull County",
      "county_population": 227813,
      "county_housing_units": 90533,
      "county_land_area": 1595024,
      "county_water_area": 47240,
      "county_latitude": 41315261,
      "county_longitude": -8075513,
      "state_abbrev": "OH",
      "state_name": "OHIO"
    },
    {
      "zipcode": 45015,
      "zip_name": "HAMILTON",
      "fips_state_code": "39",
      "county_code": "017",
      "fips_county_code": "39017",
      "zip_latitude": 39.367106,
      "zip_longitude": -84.55053,
      "county_name": "Butler County",
      "county_population": 291479,
      "county_housing_units": 110353,
      "county_land_area": 1210328,
      "county_water_area": 7590,
      "county_latitude": 39438400,
      "county_longitude": -8457739,
      "state_abbrev": "OH",
      "state_name": "OHIO"
    },
    {
      "zipcode": 97122,
      "zip_name": "HEBO",
      "fips_state_code": "41",
      "county_code": "057",
      "fips_county_code": "41057",
      "zip_latitude": 45.187837,
      "zip_longitude": -123.82026,
      "county_name": "Tillamook County",
      "county_population": 21570,
      "county_housing_units": 13324,
      "county_land_area": 2854745,
      "county_water_area": 597374,
      "county_latitude": 45455937,
      "county_longitude": -12375829,
      "state_abbrev": "OR",
      "state_name": "OREGON"
    },
    {
      "zipcode": 15761,
      "zip_name": "MENTCLE",
      "fips_state_code": "42",
      "county_code": "063",
      "fips_county_code": "42063",
      "zip_latitude": 40.625962,
      "zip_longitude": -78.893259,
      "county_name": "Indiana County",
      "county_population": 89994,
      "county_housing_units": 34770,
      "county_land_area": 2148476,
      "county_water_area": 12486,
      "county_latitude": 40651719,
      "county_longitude": -7908699,
      "state_abbrev": "PA",
      "state_name": "PENNSYLVANIA"
    },
    {
      "zipcode": 77616,
      "zip_name": "FRED",
      "fips_state_code": "48",
      "county_code": "457",
      "fips_county_code": "48457",
      "zip_latitude": 30.564151,
      "zip_longitude": -94.207605,
      "county_name": "Tyler County",
      "county_population": 16646,
      "county_housing_units": 9047,
      "county_land_area": 2390504,
      "county_water_area": 33153,
      "county_latitude": 30768905,
      "county_longitude": -9437909,
      "state_abbrev": "TX",
      "state_name": "TEXAS"
    },
    {
      "zipcode": 98198,
      "zip_name": "SEATTLE",
      "fips_state_code": "53",
      "county_code": "033",
      "fips_county_code": "53033",
      "zip_latitude": 47.397521,
      "zip_longitude": -122.315,
      "county_name": "King County",
      "county_population": 1507319,
      "county_housing_units": 647343,
      "county_land_area": 5506604,
      "county_water_area": 467933,
      "county_latitude": 47474506,
      "county_longitude": -12184428,
      "state_abbrev": "WA",
      "state_name": "WASHINGTON"
    },
    {
      "zipcode": 210,
      "zip_name": "PORTSMOUTH",
      "fips_state_code": "33",
      "county_code": "015",
      "fips_county_code": "33015",
      "zip_latitude": 43.005895,
      "zip_longitude": -71.013202,
      "county_name": "Rockingham County",
      "county_population": 245845,
      "county_housing_units": 101773,
      "county_land_area": 1800654,
      "county_water_area": 255902,
      "county_latitude": 42986123,
      "county_longitude": -7108697,
      "state_abbrev": "NH",
      "state_name": "NEW HAMPSHIRE"
    },
    {
      "zipcode": 211,
      "zip_name": "PORTSMOUTH",
      "fips_state_code": "33",
      "county_code": "015",
      "fips_county_code": "33015",
      "zip_latitude": 43.005895,
      "zip_longitude": -71.013202,
      "county_name": "Rockingham County",
      "county_population": 245845,
      "county_housing_units": 101773,
      "county_land_area": 1800654,
      "county_water_area": 255902,
      "county_latitude": 42986123,
      "county_longitude": -7108697,
      "state_abbrev": "NH",
      "state_name": "NEW HAMPSHIRE"
    },
    {
      "zipcode": 212,
      "zip_name": "PORTSMOUTH",
      "fips_state_code": "33",
      "county_code": "015",
      "fips_county_code": "33015",
      "zip_latitude": 43.005895,
      "zip_longitude": -71.013202,
      "county_name": "Rockingham County",
      "county_population": 245845,
      "county_housing_units": 101773,
      "county_land_area": 1800654,
      "county_water_area": 255902,
      "county_latitude": 42986123,
      "county_longitude": -7108697,
      "state_abbrev": "NH",
      "state_name": "NEW HAMPSHIRE"
    },
    {
      "zipcode": 213,
      "zip_name": "PORTSMOUTH",
      "fips_state_code": "33",
      "county_code": "015",
      "fips_county_code": "33015",
      "zip_latitude": 43.005895,
      "zip_longitude": -71.013202,
      "county_name": "Rockingham County",
      "county_population": 245845,
      "county_housing_units": 101773,
      "county_land_area": 1800654,
      "county_water_area": 255902,
      "county_latitude": 42986123,
      "county_longitude": -7108697,
      "state_abbrev": "NH",
      "state_name": "NEW HAMPSHIRE"
    },
    {
      "zipcode": 214,
      "zip_name": "PORTSMOUTH",
      "fips_state_code": "33",
      "county_code": "015",
      "fips_county_code": "33015",
      "zip_latitude": 43.005895,
      "zip_longitude": -71.013202,
      "county_name": "Rockingham County",
      "county_population": 245845,
      "county_housing_units": 101773,
      "county_land_area": 1800654,
      "county_water_area": 255902,
      "county_latitude": 42986123,
      "county_longitude": -7108697,
      "state_abbrev": "NH",
      "state_name": "NEW HAMPSHIRE"
    },
    {
      "zipcode": 215,
      "zip_name": "PORTSMOUTH",
      "fips_state_code": "33",
      "county_code": "015",
      "fips_county_code": "33015",
      "zip_latitude": 43.005895,
      "zip_longitude": -71.013202,
      "county_name": "Rockingham County",
      "county_population": 245845,
      "county_housing_units": 101773,
      "county_land_area": 1800654,
      "county_water_area": 255902,
      "county_latitude": 42986123,
      "county_longitude": -7108697,
      "state_abbrev": "NH",
      "state_name": "NEW HAMPSHIRE"
    },
    {
      "zipcode": 501,
      "zip_name": "HOLTSVILLE",
      "fips_state_code": "36",
      "county_code": "103",
      "fips_county_code": "36103",
      "zip_latitude": 40.922326,
      "zip_longitude": -72.637078,
      "county_name": "Suffolk County",
      "county_population": 1321864,
      "county_housing_units": 481317,
      "county_land_area": 2360093,
      "county_water_area": 3786993,
      "county_latitude": 40940536,
      "county_longitude": -7267904,
      "state_abbrev": "NY",
      "state_name": "NEW YORK"
    },
    {
      "zipcode": 544,
      "zip_name": "HOLTSVILLE",
      "fips_state_code": "36",
      "county_code": "103",
      "fips_county_code": "36103",
      "zip_latitude": 40.922326,
      "zip_longitude": -72.637078,
      "county_name": "Suffolk County",
      "county_population": 1321864,
      "county_housing_units": 481317,
      "county_land_area": 2360093,
      "county_water_area": 3786993,
      "county_latitude": 40940536,
      "county_longitude": -7267904,
      "state_abbrev": "NY",
      "state_name": "NEW YORK"
    },
    {
      "zipcode": 1003,
      "zip_name": "AMHERST",
      "fips_state_code": "25",
      "county_code": "015",
      "fips_county_code": "25015",
      "zip_latitude": 42.369562,
      "zip_longitude": -72.63599,
      "county_name": "Hampshire County",
      "county_population": 146568,
      "county_housing_units": 53068,
      "county_land_area": 1370182,
      "county_water_area": 42579,
      "county_latitude": 42339300,
      "county_longitude": -7266419,
      "state_abbrev": "MA",
      "state_name": "MASSACHUSETTS"
    },
    {
      "zipcode": 1004,
      "zip_name": "AMHERST",
      "fips_state_code": "25",
      "county_code": "015",
      "fips_county_code": "25015",
      "zip_latitude": 42.384494,
      "zip_longitude": -72.513183,
      "county_name": "Hampshire County",
      "county_population": 146568,
      "county_housing_units": 53068,
      "county_land_area": 1370182,
      "county_water_area": 42579,
      "county_latitude": 42339300,
      "county_longitude": -7266419,
      "state_abbrev": "MA",
      "state_name": "MASSACHUSETTS"
    },
    {
      "zipcode": 1009,
      "zip_name": "BONDSVILLE",
      "fips_state_code": "25",
      "county_code": "013",
      "fips_county_code": "25013",
      "zip_latitude": 42.206092,
      "zip_longitude": -72.340486,
      "county_name": "Hampden County",
      "county_population": 456310,
      "county_housing_units": 180025,
      "county_land_area": 1601960,
      "county_water_area": 40540,
      "county_latitude": 42135650,
      "county_longitude": -7263409,
      "state_abbrev": "MA",
      "state_name": "MASSACHUSETTS"
    },
    {
      "zipcode": 1014,
      "zip_name": "CHICOPEE",
      "fips_state_code": "25",
      "county_code": "013",
      "fips_county_code": "25013",
      "zip_latitude": 42.170731,
      "zip_longitude": -72.604842,
      "county_name": "Hampden County",
      "county_population": 456310,
      "county_housing_units": 180025,
      "county_land_area": 1601960,
      "county_water_area": 40540,
      "county_latitude": 42135650,
      "county_longitude": -7263409,
      "state_abbrev": "MA",
      "state_name": "MASSACHUSETTS"
    },
    {
      "zipcode": 1021,
      "zip_name": "CHICOPEE",
      "fips_state_code": "25",
      "county_code": "013",
      "fips_county_code": "25013",
      "zip_latitude": 42.170731,
      "zip_longitude": -72.604842,
      "county_name": "Hampden County",
      "county_population": 456310,
      "county_housing_units": 180025,
      "county_land_area": 1601960,
      "county_water_area": 40540,
      "county_latitude": 42135650,
      "county_longitude": -7263409,
      "state_abbrev": "MA",
      "state_name": "MASSACHUSETTS"
    },
    {
      "zipcode": 1041,
      "zip_name": "HOLYOKE",
      "fips_state_code": "25",
      "county_code": "013",
      "fips_county_code": "25013",
      "zip_latitude": 42.170731,
      "zip_longitude": -72.604842,
      "county_name": "Hampden County",
      "county_population": 456310,
      "county_housing_units": 180025,
      "county_land_area": 1601960,
      "county_water_area": 40540,
      "county_latitude": 42135650,
      "county_longitude": -7263409,
      "state_abbrev": "MA",
      "state_name": "MASSACHUSETTS"
    },
    {
      "zipcode": 1059,
      "zip_name": "NORTH AMHERST",
      "fips_state_code": "25",
      "county_code": "015",
      "fips_county_code": "25015",
      "zip_latitude": 42.369562,
      "zip_longitude": -72.63599,
      "county_name": "Hampshire County",
      "county_population": 146568,
      "county_housing_units": 53068,
      "county_land_area": 1370182,
      "county_water_area": 42579,
      "county_latitude": 42339300,
      "county_longitude": -7266419,
      "state_abbrev": "MA",
      "state_name": "MASSACHUSETTS"
    },
    {
      "zipcode": 1061,
      "zip_name": "NORTHAMPTON",
      "fips_state_code": "25",
      "county_code": "015",
      "fips_county_code": "25015",
      "zip_latitude": 42.369562,
      "zip_longitude": -72.63599,
      "county_name": "Hampshire County",
      "county_population": 146568,
      "county_housing_units": 53068,
      "county_land_area": 1370182,
      "county_water_area": 42579,
      "county_latitude": 42339300,
      "county_longitude": -7266419,
      "state_abbrev": "MA",
      "state_name": "MASSACHUSETTS"
    },
    {
      "zipcode": 1063,
      "zip_name": "NORTHAMPTON",
      "fips_state_code": "25",
      "county_code": "015",
      "fips_county_code": "25015",
      "zip_latitude": 42.317939,
      "zip_longitude": -72.640234,
      "county_name": "Hampshire County",
      "county_population": 146568,
      "county_housing_units": 53068,
      "county_land_area": 1370182,
      "county_water_area": 42579,
      "county_latitude": 42339300,
      "county_longitude": -7266419,
      "state_abbrev": "MA",
      "state_name": "MASSACHUSETTS"
    },
    {
      "zipcode": 1066,
      "zip_name": "NORTH HATFIELD",
      "fips_state_code": "25",
      "county_code": "015",
      "fips_county_code": "25015",
      "zip_latitude": 42.406697,
      "zip_longitude": -72.633901,
      "county_name": "Hampshire County",
      "county_population": 146568,
      "county_housing_units": 53068,
      "county_land_area": 1370182,
      "county_water_area": 42579,
      "county_latitude": 42339300,
      "county_longitude": -7266419,
      "state_abbrev": "MA",
      "state_name": "MASSACHUSETTS"
    },
    {
      "zipcode": 1074,
      "zip_name": "SOUTH BARRE",
      "fips_state_code": "25",
      "county_code": "027",
      "fips_county_code": "25027",
      "zip_latitude": 42.375998,
      "zip_longitude": -72.149388,
      "county_name": "Worcester County",
      "county_population": 709705,
      "county_housing_units": 279428,
      "county_land_area": 3919090,
      "county_water_area": 170804,
      "county_latitude": 42350235,
      "county_longitude": -7191169,
      "state_abbrev": "MA",
      "state_name": "MASSACHUSETTS"
    },
    {
      "zipcode": 1079,
      "zip_name": "THORNDIKE",
      "fips_state_code": "25",
      "county_code": "013",
      "fips_county_code": "25013",
      "zip_latitude": 42.192892,
      "zip_longitude": -72.329574,
      "county_name": "Hampden County",
      "county_population": 456310,
      "county_housing_units": 180025,
      "county_land_area": 1601960,
      "county_water_area": 40540,
      "county_latitude": 42135650,
      "county_longitude": -7263409,
      "state_abbrev": "MA",
      "state_name": "MASSACHUSETTS"
    },
    {
      "zipcode": 1086,
      "zip_name": "WESTFIELD",
      "fips_state_code": "25",
      "county_code": "013",
      "fips_county_code": "25013",
      "zip_latitude": 42.173428,
      "zip_longitude": -72.847964,
      "county_name": "Hampden County",
      "county_population": 456310,
      "county_housing_units": 180025,
      "county_land_area": 1601960,
      "county_water_area": 40540,
      "county_latitude": 42135650,
      "county_longitude": -7263409,
      "state_abbrev": "MA",
      "state_name": "MASSACHUSETTS"
    },
    {
      "zipcode": 1090,
      "zip_name": "WEST SPRINGFIELD",
      "fips_state_code": "25",
      "county_code": "013",
      "fips_county_code": "25013",
      "zip_latitude": 42.170731,
      "zip_longitude": -72.604842,
      "county_name": "Hampden County",
      "county_population": 456310,
      "county_housing_units": 180025,
      "county_land_area": 1601960,
      "county_water_area": 40540,
      "county_latitude": 42135650,
      "county_longitude": -7263409,
      "state_abbrev": "MA",
      "state_name": "MASSACHUSETTS"
    },
    {
      "zipcode": 1093,
      "zip_name": "WHATELY",
      "fips_state_code": "25",
      "county_code": "011",
      "fips_county_code": "25011",
      "zip_latitude": 42.442673,
      "zip_longitude": -72.652511,
      "county_name": "Franklin County",
      "county_population": 70092,
      "county_housing_units": 30394,
      "county_land_area": 1818558,
      "county_water_area": 58692,
      "county_latitude": 42583299,
      "county_longitude": -7259128,
      "state_abbrev": "MA",
      "state_name": "MASSACHUSETTS"
    },
    {
      "zipcode": 1094,
      "zip_name": "WHEELWRIGHT",
      "fips_state_code": "25",
      "county_code": "027",
      "fips_county_code": "25027",
      "zip_latitude": 42.358201,
      "zip_longitude": -72.140846,
      "county_name": "Worcester County",
      "county_population": 709705,
      "county_housing_units": 279428,
      "county_land_area": 3919090,
      "county_water_area": 170804,
      "county_latitude": 42350235,
      "county_longitude": -7191169,
      "state_abbrev": "MA",
      "state_name": "MASSACHUSETTS"
    },
    {
      "zipcode": 1097,
      "zip_name": "WORONOCO",
      "fips_state_code": "25",
      "county_code": "013",
      "fips_county_code": "25013",
      "zip_latitude": 42.161743,
      "zip_longitude": -72.845912,
      "county_name": "Hampden County",
      "county_population": 456310,
      "county_housing_units": 180025,
      "county_land_area": 1601960,
      "county_water_area": 40540,
      "county_latitude": 42135650,
      "county_longitude": -7263409,
      "state_abbrev": "MA",
      "state_name": "MASSACHUSETTS"
    },
    {
      "zipcode": 62054,
      "zip_name": "KANE",
      "fips_state_code": "17",
      "county_code": "061",
      "fips_county_code": "17061",
      "zip_latitude": 39.192501,
      "zip_longitude": -90.345412,
      "county_name": "Greene County",
      "county_population": 15317,
      "county_housing_units": 6575,
      "county_land_area": 1406695,
      "county_water_area": 8411,
      "county_latitude": 39352324,
      "county_longitude": -9038615,
      "state_abbrev": "IL",
      "state_name": "ILLINOIS"
    },
    {
      "zipcode": 1101,
      "zip_name": "SPRINGFIELD",
      "fips_state_code": "25",
      "county_code": "013",
      "fips_county_code": "25013",
      "zip_latitude": 42.170731,
      "zip_longitude": -72.604842,
      "county_name": "Hampden County",
      "county_population": 456310,
      "county_housing_units": 180025,
      "county_land_area": 1601960,
      "county_water_area": 40540,
      "county_latitude": 42135650,
      "county_longitude": -7263409,
      "state_abbrev": "MA",
      "state_name": "MASSACHUSETTS"
    },
    {
      "zipcode": 1102,
      "zip_name": "SPRINGFIELD",
      "fips_state_code": "25",
      "county_code": "013",
      "fips_county_code": "25013",
      "zip_latitude": 42.170731,
      "zip_longitude": -72.604842,
      "county_name": "Hampden County",
      "county_population": 456310,
      "county_housing_units": 180025,
      "county_land_area": 1601960,
      "county_water_area": 40540,
      "county_latitude": 42135650,
      "county_longitude": -7263409,
      "state_abbrev": "MA",
      "state_name": "MASSACHUSETTS"
    },
    {
      "zipcode": 1111,
      "zip_name": "SPRINGFIELD",
      "fips_state_code": "25",
      "county_code": "013",
      "fips_county_code": "25013",
      "zip_latitude": 42.170731,
      "zip_longitude": -72.604842,
      "county_name": "Hampden County",
      "county_population": 456310,
      "county_housing_units": 180025,
      "county_land_area": 1601960,
      "county_water_area": 40540,
      "county_latitude": 42135650,
      "county_longitude": -7263409,
      "state_abbrev": "MA",
      "state_name": "MASSACHUSETTS"
    },
    {
      "zipcode": 1114,
      "zip_name": "SPRINGFIELD",
      "fips_state_code": "25",
      "county_code": "013",
      "fips_county_code": "25013",
      "zip_latitude": 42.170731,
      "zip_longitude": -72.604842,
      "county_name": "Hampden County",
      "county_population": 456310,
      "county_housing_units": 180025,
      "county_land_area": 1601960,
      "county_water_area": 40540,
      "county_latitude": 42135650,
      "county_longitude": -7263409,
      "state_abbrev": "MA",
      "state_name": "MASSACHUSETTS"
    },
    {
      "zipcode": 1115,
      "zip_name": "SPRINGFIELD",
      "fips_state_code": "25",
      "county_code": "013",
      "fips_county_code": "25013",
      "zip_latitude": 42.102894,
      "zip_longitude": -72.591633,
      "county_name": "Hampden County",
      "county_population": 456310,
      "county_housing_units": 180025,
      "county_land_area": 1601960,
      "county_water_area": 40540,
      "county_latitude": 42135650,
      "county_longitude": -7263409,
      "state_abbrev": "MA",
      "state_name": "MASSACHUSETTS"
    },
    {
      "zipcode": 1116,
      "zip_name": "LONGMEADOW",
      "fips_state_code": "25",
      "county_code": "013",
      "fips_county_code": "25013",
      "zip_latitude": 42.170731,
      "zip_longitude": -72.604842,
      "county_name": "Hampden County",
      "county_population": 456310,
      "county_housing_units": 180025,
      "county_land_area": 1601960,
      "county_water_area": 40540,
      "county_latitude": 42135650,
      "county_longitude": -7263409,
      "state_abbrev": "MA",
      "state_name": "MASSACHUSETTS"
    },
    {
      "zipcode": 1133,
      "zip_name": "SPRINGFIELD",
      "fips_state_code": "25",
      "county_code": "013",
      "fips_county_code": "25013",
      "zip_latitude": 42.170731,
      "zip_longitude": -72.604842,
      "county_name": "Hampden County",
      "county_population": 456310,
      "county_housing_units": 180025,
      "county_land_area": 1601960,
      "county_water_area": 40540,
      "county_latitude": 42135650,
      "county_longitude": -7263409,
      "state_abbrev": "MA",
      "state_name": "MASSACHUSETTS"
    },
    {
      "zipcode": 1138,
      "zip_name": "SPRINGFIELD",
      "fips_state_code": "25",
      "county_code": "013",
      "fips_county_code": "25013",
      "zip_latitude": 42.170731,
      "zip_longitude": -72.604842,
      "county_name": "Hampden County",
      "county_population": 456310,
      "county_housing_units": 180025,
      "county_land_area": 1601960,
      "county_water_area": 40540,
      "county_latitude": 42135650,
      "county_longitude": -7263409,
      "state_abbrev": "MA",
      "state_name": "MASSACHUSETTS"
    },
    {
      "zipcode": 1139,
      "zip_name": "SPRINGFIELD",
      "fips_state_code": "25",
      "county_code": "013",
      "fips_county_code": "25013",
      "zip_latitude": 42.170731,
      "zip_longitude": -72.604842,
      "county_name": "Hampden County",
      "county_population": 456310,
      "county_housing_units": 180025,
      "county_land_area": 1601960,
      "county_water_area": 40540,
      "county_latitude": 42135650,
      "county_longitude": -7263409,
      "state_abbrev": "MA",
      "state_name": "MASSACHUSETTS"
    },
    {
      "zipcode": 1144,
      "zip_name": "SPRINGFIELD",
      "fips_state_code": "25",
      "county_code": "013",
      "fips_county_code": "25013",
      "zip_latitude": 42.101796,
      "zip_longitude": -72.59151,
      "county_name": "Hampden County",
      "county_population": 456310,
      "county_housing_units": 180025,
      "county_land_area": 1601960,
      "county_water_area": 40540,
      "county_latitude": 42135650,
      "county_longitude": -7263409,
      "state_abbrev": "MA",
      "state_name": "MASSACHUSETTS"
    },
    {
      "zipcode": 1152,
      "zip_name": "SPRINGFIELD",
      "fips_state_code": "25",
      "county_code": "013",
      "fips_county_code": "25013",
      "zip_latitude": 42.170731,
      "zip_longitude": -72.604842,
      "county_name": "Hampden County",
      "county_population": 456310,
      "county_housing_units": 180025,
      "county_land_area": 1601960,
      "county_water_area": 40540,
      "county_latitude": 42135650,
      "county_longitude": -7263409,
      "state_abbrev": "MA",
      "state_name": "MASSACHUSETTS"
    },
    {
      "zipcode": 1199,
      "zip_name": "SPRINGFIELD",
      "fips_state_code": "25",
      "county_code": "013",
      "fips_county_code": "25013",
      "zip_latitude": 42.119943,
      "zip_longitude": -72.604983,
      "county_name": "Hampden County",
      "county_population": 456310,
      "county_housing_units": 180025,
      "county_land_area": 1601960,
      "county_water_area": 40540,
      "county_latitude": 42135650,
      "county_longitude": -7263409,
      "state_abbrev": "MA",
      "state_name": "MASSACHUSETTS"
    },
    {
      "zipcode": 1202,
      "zip_name": "PITTSFIELD",
      "fips_state_code": "25",
      "county_code": "003",
      "fips_county_code": "25003",
      "zip_latitude": 42.3929,
      "zip_longitude": -73.228483,
      "county_name": "Berkshire County",
      "county_population": 139352,
      "county_housing_units": 64324,
      "county_land_area": 2412318,
      "county_water_area": 38709,
      "county_latitude": 42365138,
      "county_longitude": -7321068,
      "state_abbrev": "MA",
      "state_name": "MASSACHUSETTS"
    },
    {
      "zipcode": 1203,
      "zip_name": "PITTSFIELD",
      "fips_state_code": "25",
      "county_code": "003",
      "fips_county_code": "25003",
      "zip_latitude": 42.3929,
      "zip_longitude": -73.228483,
      "county_name": "Berkshire County",
      "county_population": 139352,
      "county_housing_units": 64324,
      "county_land_area": 2412318,
      "county_water_area": 38709,
      "county_latitude": 42365138,
      "county_longitude": -7321068,
      "state_abbrev": "MA",
      "state_name": "MASSACHUSETTS"
    },
    {
      "zipcode": 1224,
      "zip_name": "BERKSHIRE",
      "fips_state_code": "25",
      "county_code": "003",
      "fips_county_code": "25003",
      "zip_latitude": 42.3929,
      "zip_longitude": -73.228483,
      "county_name": "Berkshire County",
      "county_population": 139352,
      "county_housing_units": 64324,
      "county_land_area": 2412318,
      "county_water_area": 38709,
      "county_latitude": 42365138,
      "county_longitude": -7321068,
      "state_abbrev": "MA",
      "state_name": "MASSACHUSETTS"
    },
    {
      "zipcode": 1227,
      "zip_name": "DALTON",
      "fips_state_code": "25",
      "county_code": "003",
      "fips_county_code": "25003",
      "zip_latitude": 42.516145,
      "zip_longitude": -73.092852,
      "county_name": "Berkshire County",
      "county_population": 139352,
      "county_housing_units": 64324,
      "county_land_area": 2412318,
      "county_water_area": 38709,
      "county_latitude": 42365138,
      "county_longitude": -7321068,
      "state_abbrev": "MA",
      "state_name": "MASSACHUSETTS"
    },
    {
      "zipcode": 1229,
      "zip_name": "GLENDALE",
      "fips_state_code": "25",
      "county_code": "003",
      "fips_county_code": "25003",
      "zip_latitude": 42.279292,
      "zip_longitude": -73.343545,
      "county_name": "Berkshire County",
      "county_population": 139352,
      "county_housing_units": 64324,
      "county_land_area": 2412318,
      "county_water_area": 38709,
      "county_latitude": 42365138,
      "county_longitude": -7321068,
      "state_abbrev": "MA",
      "state_name": "MASSACHUSETTS"
    },
    {
      "zipcode": 1243,
      "zip_name": "MIDDLEFIELD",
      "fips_state_code": "25",
      "county_code": "015",
      "fips_county_code": "25015",
      "zip_latitude": 42.356088,
      "zip_longitude": -73.010448,
      "county_name": "Hampshire County",
      "county_population": 146568,
      "county_housing_units": 53068,
      "county_land_area": 1370182,
      "county_water_area": 42579,
      "county_latitude": 42339300,
      "county_longitude": -7266419,
      "state_abbrev": "MA",
      "state_name": "MASSACHUSETTS"
    },
    {
      "zipcode": 1252,
      "zip_name": "NORTH EGREMONT",
      "fips_state_code": "25",
      "county_code": "003",
      "fips_county_code": "25003",
      "zip_latitude": 42.198648,
      "zip_longitude": -73.446234,
      "county_name": "Berkshire County",
      "county_population": 139352,
      "county_housing_units": 64324,
      "county_land_area": 2412318,
      "county_water_area": 38709,
      "county_latitude": 42365138,
      "county_longitude": -7321068,
      "state_abbrev": "MA",
      "state_name": "MASSACHUSETTS"
    },
    {
      "zipcode": 1260,
      "zip_name": "SOUTH LEE",
      "fips_state_code": "25",
      "county_code": "003",
      "fips_county_code": "25003",
      "zip_latitude": 42.286586,
      "zip_longitude": -73.313274,
      "county_name": "Berkshire County",
      "county_population": 139352,
      "county_housing_units": 64324,
      "county_land_area": 2412318,
      "county_water_area": 38709,
      "county_latitude": 42365138,
      "county_longitude": -7321068,
      "state_abbrev": "MA",
      "state_name": "MASSACHUSETTS"
    },
    {
      "zipcode": 1263,
      "zip_name": "STOCKBRIDGE",
      "fips_state_code": "25",
      "county_code": "003",
      "fips_county_code": "25003",
      "zip_latitude": 42.3929,
      "zip_longitude": -73.228483,
      "county_name": "Berkshire County",
      "county_population": 139352,
      "county_housing_units": 64324,
      "county_land_area": 2412318,
      "county_water_area": 38709,
      "county_latitude": 42365138,
      "county_longitude": -7321068,
      "state_abbrev": "MA",
      "state_name": "MASSACHUSETTS"
    },
    {
      "zipcode": 1270,
      "zip_name": "WINDSOR",
      "fips_state_code": "25",
      "county_code": "003",
      "fips_county_code": "25003",
      "zip_latitude": 42.443726,
      "zip_longitude": -73.116127,
      "county_name": "Berkshire County",
      "county_population": 139352,
      "county_housing_units": 64324,
      "county_land_area": 2412318,
      "county_water_area": 38709,
      "county_latitude": 42365138,
      "county_longitude": -7321068,
      "state_abbrev": "MA",
      "state_name": "MASSACHUSETTS"
    },
    {
      "zipcode": 1302,
      "zip_name": "GREENFIELD",
      "fips_state_code": "25",
      "county_code": "011",
      "fips_county_code": "25011",
      "zip_latitude": 42.522178,
      "zip_longitude": -72.624164,
      "county_name": "Franklin County",
      "county_population": 70092,
      "county_housing_units": 30394,
      "county_land_area": 1818558,
      "county_water_area": 58692,
      "county_latitude": 42583299,
      "county_longitude": -7259128,
      "state_abbrev": "MA",
      "state_name": "MASSACHUSETTS"
    },
    {
      "zipcode": 1343,
      "zip_name": "DRURY",
      "fips_state_code": "25",
      "county_code": "003",
      "fips_county_code": "25003",
      "zip_latitude": 42.642666,
      "zip_longitude": -72.986231,
      "county_name": "Berkshire County",
      "county_population": 139352,
      "county_housing_units": 64324,
      "county_land_area": 2412318,
      "county_water_area": 38709,
      "county_latitude": 42365138,
      "county_longitude": -7321068,
      "state_abbrev": "MA",
      "state_name": "MASSACHUSETTS"
    },
    {
      "zipcode": 1347,
      "zip_name": "LAKE PLEASANT",
      "fips_state_code": "25",
      "county_code": "011",
      "fips_county_code": "25011",
      "zip_latitude": 42.556558,
      "zip_longitude": -72.518104,
      "county_name": "Franklin County",
      "county_population": 70092,
      "county_housing_units": 30394,
      "county_land_area": 1818558,
      "county_water_area": 58692,
      "county_latitude": 42583299,
      "county_longitude": -7259128,
      "state_abbrev": "MA",
      "state_name": "MASSACHUSETTS"
    },
    {
      "zipcode": 1354,
      "zip_name": "NORTHFIELD",
      "fips_state_code": "25",
      "county_code": "011",
      "fips_county_code": "25011",
      "zip_latitude": 42.522178,
      "zip_longitude": -72.624164,
      "county_name": "Franklin County",
      "county_population": 70092,
      "county_housing_units": 30394,
      "county_land_area": 1818558,
      "county_water_area": 58692,
      "county_latitude": 42583299,
      "county_longitude": -7259128,
      "state_abbrev": "MA",
      "state_name": "MASSACHUSETTS"
    },
    {
      "zipcode": 1369,
      "zip_name": "SHATTUCKVILLE",
      "fips_state_code": "25",
      "county_code": "011",
      "fips_county_code": "25011",
      "zip_latitude": 42.522178,
      "zip_longitude": -72.624164,
      "county_name": "Franklin County",
      "county_population": 70092,
      "county_housing_units": 30394,
      "county_land_area": 1818558,
      "county_water_area": 58692,
      "county_latitude": 42583299,
      "county_longitude": -7259128,
      "state_abbrev": "MA",
      "state_name": "MASSACHUSETTS"
    },
    {
      "zipcode": 1441,
      "zip_name": "GARDNER",
      "fips_state_code": "25",
      "county_code": "027",
      "fips_county_code": "25027",
      "zip_latitude": 42.364807,
      "zip_longitude": -71.896868,
      "county_name": "Worcester County",
      "county_population": 709705,
      "county_housing_units": 279428,
      "county_land_area": 3919090,
      "county_water_area": 170804,
      "county_latitude": 42350235,
      "county_longitude": -7191169,
      "state_abbrev": "MA",
      "state_name": "MASSACHUSETTS"
    },
    {
      "zipcode": 1470,
      "zip_name": "GROTON",
      "fips_state_code": "25",
      "county_code": "017",
      "fips_county_code": "25017",
      "zip_latitude": 42.446396,
      "zip_longitude": -71.459405,
      "county_name": "Middlesex County",
      "county_population": 1398468,
      "county_housing_units": 543796,
      "county_land_area": 2132981,
      "county_water_area": 62377,
      "county_latitude": 42485491,
      "county_longitude": -7138529,
      "state_abbrev": "MA",
      "state_name": "MASSACHUSETTS"
    },
    {
      "zipcode": 1471,
      "zip_name": "GROTON",
      "fips_state_code": "25",
      "county_code": "017",
      "fips_county_code": "25017",
      "zip_latitude": 42.446396,
      "zip_longitude": -71.459405,
      "county_name": "Middlesex County",
      "county_population": 1398468,
      "county_housing_units": 543796,
      "county_land_area": 2132981,
      "county_water_area": 62377,
      "county_latitude": 42485491,
      "county_longitude": -7138529,
      "state_abbrev": "MA",
      "state_name": "MASSACHUSETTS"
    },
    {
      "zipcode": 1472,
      "zip_name": "WEST GROTON",
      "fips_state_code": "25",
      "county_code": "017",
      "fips_county_code": "25017",
      "zip_latitude": 42.446396,
      "zip_longitude": -71.459405,
      "county_name": "Middlesex County",
      "county_population": 1398468,
      "county_housing_units": 543796,
      "county_land_area": 2132981,
      "county_water_area": 62377,
      "county_latitude": 42485491,
      "county_longitude": -7138529,
      "state_abbrev": "MA",
      "state_name": "MASSACHUSETTS"
    },
    {
      "zipcode": 1477,
      "zip_name": "WINCHENDON SPRINGS",
      "fips_state_code": "25",
      "county_code": "027",
      "fips_county_code": "25027",
      "zip_latitude": 42.364807,
      "zip_longitude": -71.896868,
      "county_name": "Worcester County",
      "county_population": 709705,
      "county_housing_units": 279428,
      "county_land_area": 3919090,
      "county_water_area": 170804,
      "county_latitude": 42350235,
      "county_longitude": -7191169,
      "state_abbrev": "MA",
      "state_name": "MASSACHUSETTS"
    },
    {
      "zipcode": 1508,
      "zip_name": "CHARLTON CITY",
      "fips_state_code": "25",
      "county_code": "027",
      "fips_county_code": "25027",
      "zip_latitude": 42.109748,
      "zip_longitude": -72.079455,
      "county_name": "Worcester County",
      "county_population": 709705,
      "county_housing_units": 279428,
      "county_land_area": 3919090,
      "county_water_area": 170804,
      "county_latitude": 42350235,
      "county_longitude": -7191169,
      "state_abbrev": "MA",
      "state_name": "MASSACHUSETTS"
    },
    {
      "zipcode": 1509,
      "zip_name": "CHARLTON DEPOT",
      "fips_state_code": "25",
      "county_code": "027",
      "fips_county_code": "25027",
      "zip_latitude": 42.364807,
      "zip_longitude": -71.896868,
      "county_name": "Worcester County",
      "county_population": 709705,
      "county_housing_units": 279428,
      "county_land_area": 3919090,
      "county_water_area": 170804,
      "county_latitude": 42350235,
      "county_longitude": -7191169,
      "state_abbrev": "MA",
      "state_name": "MASSACHUSETTS"
    },
    {
      "zipcode": 1517,
      "zip_name": "EAST PRINCETON",
      "fips_state_code": "25",
      "county_code": "027",
      "fips_county_code": "25027",
      "zip_latitude": 42.364807,
      "zip_longitude": -71.896868,
      "county_name": "Worcester County",
      "county_population": 709705,
      "county_housing_units": 279428,
      "county_land_area": 3919090,
      "county_water_area": 170804,
      "county_latitude": 42350235,
      "county_longitude": -7191169,
      "state_abbrev": "MA",
      "state_name": "MASSACHUSETTS"
    },
    {
      "zipcode": 1525,
      "zip_name": "LINWOOD",
      "fips_state_code": "25",
      "county_code": "027",
      "fips_county_code": "25027",
      "zip_latitude": 42.364807,
      "zip_longitude": -71.896868,
      "county_name": "Worcester County",
      "county_population": 709705,
      "county_housing_units": 279428,
      "county_land_area": 3919090,
      "county_water_area": 170804,
      "county_latitude": 42350235,
      "county_longitude": -7191169,
      "state_abbrev": "MA",
      "state_name": "MASSACHUSETTS"
    },
    {
      "zipcode": 1526,
      "zip_name": "MANCHAUG",
      "fips_state_code": "25",
      "county_code": "027",
      "fips_county_code": "25027",
      "zip_latitude": 42.364807,
      "zip_longitude": -71.896868,
      "county_name": "Worcester County",
      "county_population": 709705,
      "county_housing_units": 279428,
      "county_land_area": 3919090,
      "county_water_area": 170804,
      "county_latitude": 42350235,
      "county_longitude": -7191169,
      "state_abbrev": "MA",
      "state_name": "MASSACHUSETTS"
    },
    {
      "zipcode": 1538,
      "zip_name": "NORTH UXBRIDGE",
      "fips_state_code": "25",
      "county_code": "027",
      "fips_county_code": "25027",
      "zip_latitude": 42.364807,
      "zip_longitude": -71.896868,
      "county_name": "Worcester County",
      "county_population": 709705,
      "county_housing_units": 279428,
      "county_land_area": 3919090,
      "county_water_area": 170804,
      "county_latitude": 42350235,
      "county_longitude": -7191169,
      "state_abbrev": "MA",
      "state_name": "MASSACHUSETTS"
    },
    {
      "zipcode": 1546,
      "zip_name": "SHREWSBURY",
      "fips_state_code": "25",
      "county_code": "027",
      "fips_county_code": "25027",
      "zip_latitude": 42.364807,
      "zip_longitude": -71.896868,
      "county_name": "Worcester County",
      "county_population": 709705,
      "county_housing_units": 279428,
      "county_land_area": 3919090,
      "county_water_area": 170804,
      "county_latitude": 42350235,
      "county_longitude": -7191169,
      "state_abbrev": "MA",
      "state_name": "MASSACHUSETTS"
    },
    {
      "zipcode": 1561,
      "zip_name": "SOUTH LANCASTER",
      "fips_state_code": "25",
      "county_code": "027",
      "fips_county_code": "25027",
      "zip_latitude": 42.443539,
      "zip_longitude": -71.686137,
      "county_name": "Worcester County",
      "county_population": 709705,
      "county_housing_units": 279428,
      "county_land_area": 3919090,
      "county_water_area": 170804,
      "county_latitude": 42350235,
      "county_longitude": -7191169,
      "state_abbrev": "MA",
      "state_name": "MASSACHUSETTS"
    },
    {
      "zipcode": 1580,
      "zip_name": "WESTBOROUGH",
      "fips_state_code": "25",
      "county_code": "027",
      "fips_county_code": "25027",
      "zip_latitude": 42.364807,
      "zip_longitude": -71.896868,
      "county_name": "Worcester County",
      "county_population": 709705,
      "county_housing_units": 279428,
      "county_land_area": 3919090,
      "county_water_area": 170804,
      "county_latitude": 42350235,
      "county_longitude": -7191169,
      "state_abbrev": "MA",
      "state_name": "MASSACHUSETTS"
    },
    {
      "zipcode": 1582,
      "zip_name": "WESTBOROUGH",
      "fips_state_code": "25",
      "county_code": "027",
      "fips_county_code": "25027",
      "zip_latitude": 42.364807,
      "zip_longitude": -71.896868,
      "county_name": "Worcester County",
      "county_population": 709705,
      "county_housing_units": 279428,
      "county_land_area": 3919090,
      "county_water_area": 170804,
      "county_latitude": 42350235,
      "county_longitude": -7191169,
      "state_abbrev": "MA",
      "state_name": "MASSACHUSETTS"
    },
    {
      "zipcode": 1586,
      "zip_name": "WEST MILLBURY",
      "fips_state_code": "25",
      "county_code": "027",
      "fips_county_code": "25027",
      "zip_latitude": 42.364807,
      "zip_longitude": -71.896868,
      "county_name": "Worcester County",
      "county_population": 709705,
      "county_housing_units": 279428,
      "county_land_area": 3919090,
      "county_water_area": 170804,
      "county_latitude": 42350235,
      "county_longitude": -7191169,
      "state_abbrev": "MA",
      "state_name": "MASSACHUSETTS"
    },
    {
      "zipcode": 1601,
      "zip_name": "WORCESTER",
      "fips_state_code": "25",
      "county_code": "027",
      "fips_county_code": "25027",
      "zip_latitude": 42.265275,
      "zip_longitude": -71.879415,
      "county_name": "Worcester County",
      "county_population": 709705,
      "county_housing_units": 279428,
      "county_land_area": 3919090,
      "county_water_area": 170804,
      "county_latitude": 42350235,
      "county_longitude": -7191169,
      "state_abbrev": "MA",
      "state_name": "MASSACHUSETTS"
    },
    {
      "zipcode": 1613,
      "zip_name": "WORCESTER",
      "fips_state_code": "25",
      "county_code": "027",
      "fips_county_code": "25027",
      "zip_latitude": 42.293316,
      "zip_longitude": -71.801971,
      "county_name": "Worcester County",
      "county_population": 709705,
      "county_housing_units": 279428,
      "county_land_area": 3919090,
      "county_water_area": 170804,
      "county_latitude": 42350235,
      "county_longitude": -7191169,
      "state_abbrev": "MA",
      "state_name": "MASSACHUSETTS"
    },
    {
      "zipcode": 1614,
      "zip_name": "WORCESTER",
      "fips_state_code": "25",
      "county_code": "027",
      "fips_county_code": "25027",
      "zip_latitude": 42.364807,
      "zip_longitude": -71.896868,
      "county_name": "Worcester County",
      "county_population": 709705,
      "county_housing_units": 279428,
      "county_land_area": 3919090,
      "county_water_area": 170804,
      "county_latitude": 42350235,
      "county_longitude": -7191169,
      "state_abbrev": "MA",
      "state_name": "MASSACHUSETTS"
    },
    {
      "zipcode": 1615,
      "zip_name": "WORCESTER",
      "fips_state_code": "25",
      "county_code": "027",
      "fips_county_code": "25027",
      "zip_latitude": 42.364807,
      "zip_longitude": -71.896868,
      "county_name": "Worcester County",
      "county_population": 709705,
      "county_housing_units": 279428,
      "county_land_area": 3919090,
      "county_water_area": 170804,
      "county_latitude": 42350235,
      "county_longitude": -7191169,
      "state_abbrev": "MA",
      "state_name": "MASSACHUSETTS"
    },
    {
      "zipcode": 1653,
      "zip_name": "WORCESTER",
      "fips_state_code": "25",
      "county_code": "027",
      "fips_county_code": "25027",
      "zip_latitude": 42.364807,
      "zip_longitude": -71.896868,
      "county_name": "Worcester County",
      "county_population": 709705,
      "county_housing_units": 279428,
      "county_land_area": 3919090,
      "county_water_area": 170804,
      "county_latitude": 42350235,
      "county_longitude": -7191169,
      "state_abbrev": "MA",
      "state_name": "MASSACHUSETTS"
    },
    {
      "zipcode": 1654,
      "zip_name": "WORCESTER",
      "fips_state_code": "25",
      "county_code": "027",
      "fips_county_code": "25027",
      "zip_latitude": 42.364807,
      "zip_longitude": -71.896868,
      "county_name": "Worcester County",
      "county_population": 709705,
      "county_housing_units": 279428,
      "county_land_area": 3919090,
      "county_water_area": 170804,
      "county_latitude": 42350235,
      "county_longitude": -7191169,
      "state_abbrev": "MA",
      "state_name": "MASSACHUSETTS"
    },
    {
      "zipcode": 1655,
      "zip_name": "WORCESTER",
      "fips_state_code": "25",
      "county_code": "027",
      "fips_county_code": "25027",
      "zip_latitude": 42.364807,
      "zip_longitude": -71.896868,
      "county_name": "Worcester County",
      "county_population": 709705,
      "county_housing_units": 279428,
      "county_land_area": 3919090,
      "county_water_area": 170804,
      "county_latitude": 42350235,
      "county_longitude": -7191169,
      "state_abbrev": "MA",
      "state_name": "MASSACHUSETTS"
    },
    {
      "zipcode": 1703,
      "zip_name": "FRAMINGHAM",
      "fips_state_code": "25",
      "county_code": "017",
      "fips_county_code": "25017",
      "zip_latitude": 42.446396,
      "zip_longitude": -71.459405,
      "county_name": "Middlesex County",
      "county_population": 1398468,
      "county_housing_units": 543796,
      "county_land_area": 2132981,
      "county_water_area": 62377,
      "county_latitude": 42485491,
      "county_longitude": -7138529,
      "state_abbrev": "MA",
      "state_name": "MASSACHUSETTS"
    },
    {
      "zipcode": 1704,
      "zip_name": "FRAMINGHAM",
      "fips_state_code": "25",
      "county_code": "017",
      "fips_county_code": "25017",
      "zip_latitude": 42.446396,
      "zip_longitude": -71.459405,
      "county_name": "Middlesex County",
      "county_population": 1398468,
      "county_housing_units": 543796,
      "county_land_area": 2132981,
      "county_water_area": 62377,
      "county_latitude": 42485491,
      "county_longitude": -7138529,
      "state_abbrev": "MA",
      "state_name": "MASSACHUSETTS"
    },
    {
      "zipcode": 1705,
      "zip_name": "FRAMINGHAM",
      "fips_state_code": "25",
      "county_code": "017",
      "fips_county_code": "25017",
      "zip_latitude": 42.446396,
      "zip_longitude": -71.459405,
      "county_name": "Middlesex County",
      "county_population": 1398468,
      "county_housing_units": 543796,
      "county_land_area": 2132981,
      "county_water_area": 62377,
      "county_latitude": 42485491,
      "county_longitude": -7138529,
      "state_abbrev": "MA",
      "state_name": "MASSACHUSETTS"
    },
    {
      "zipcode": 1784,
      "zip_name": "WOODVILLE",
      "fips_state_code": "25",
      "county_code": "017",
      "fips_county_code": "25017",
      "zip_latitude": 42.446396,
      "zip_longitude": -71.459405,
      "county_name": "Middlesex County",
      "county_population": 1398468,
      "county_housing_units": 543796,
      "county_land_area": 2132981,
      "county_water_area": 62377,
      "county_latitude": 42485491,
      "county_longitude": -7138529,
      "state_abbrev": "MA",
      "state_name": "MASSACHUSETTS"
    },
    {
      "zipcode": 1805,
      "zip_name": "BURLINGTON",
      "fips_state_code": "25",
      "county_code": "017",
      "fips_county_code": "25017",
      "zip_latitude": 42.446396,
      "zip_longitude": -71.459405,
      "county_name": "Middlesex County",
      "county_population": 1398468,
      "county_housing_units": 543796,
      "county_land_area": 2132981,
      "county_water_area": 62377,
      "county_latitude": 42485491,
      "county_longitude": -7138529,
      "state_abbrev": "MA",
      "state_name": "MASSACHUSETTS"
    },
    {
      "zipcode": 1806,
      "zip_name": "WOBURN",
      "fips_state_code": "25",
      "county_code": "017",
      "fips_county_code": "25017",
      "zip_latitude": 42.446396,
      "zip_longitude": -71.459405,
      "county_name": "Middlesex County",
      "county_population": 1398468,
      "county_housing_units": 543796,
      "county_land_area": 2132981,
      "county_water_area": 62377,
      "county_latitude": 42485491,
      "county_longitude": -7138529,
      "state_abbrev": "MA",
      "state_name": "MASSACHUSETTS"
    },
    {
      "zipcode": 1807,
      "zip_name": "WOBURN",
      "fips_state_code": "25",
      "county_code": "017",
      "fips_county_code": "25017",
      "zip_latitude": 42.446396,
      "zip_longitude": -71.459405,
      "county_name": "Middlesex County",
      "county_population": 1398468,
      "county_housing_units": 543796,
      "county_land_area": 2132981,
      "county_water_area": 62377,
      "county_latitude": 42485491,
      "county_longitude": -7138529,
      "state_abbrev": "MA",
      "state_name": "MASSACHUSETTS"
    },
    {
      "zipcode": 1808,
      "zip_name": "WOBURN",
      "fips_state_code": "25",
      "county_code": "017",
      "fips_county_code": "25017",
      "zip_latitude": 42.446396,
      "zip_longitude": -71.459405,
      "county_name": "Middlesex County",
      "county_population": 1398468,
      "county_housing_units": 543796,
      "county_land_area": 2132981,
      "county_water_area": 62377,
      "county_latitude": 42485491,
      "county_longitude": -7138529,
      "state_abbrev": "MA",
      "state_name": "MASSACHUSETTS"
    }
  ]
}