{
  "table_name": "metallica_locations",
  "schema": "csv_files",
  "database": "csv_files",
  "row_count": 553,
  "columns": [
    {
      "name": "location",
      "type": "VARCHAR",
      "nullable": true,
      "metadata": {
        "distinct_count": 553
      }
    },
    {
      "name": "country",
      "type": "VARCHAR",
      "nullable": true,
      "metadata": {
        "distinct_count": 63
      }
    },
    {
      "name": "state",
      "type": "VARCHAR",
      "nullable": true,
      "metadata": {
        "distinct_count": 208
      }
    },
    {
      "name": "city",
      "type": "VARCHAR",
      "nullable": true,
      "metadata": {
        "distinct_count": 488
      }
    },
    {
      "name": "country_abbrev",
      "type": "VARCHAR",
      "nullable": true,
      "metadata": {
        "distinct_count": 63
      }
    },
    {
      "name": "state_abbrev",
      "type": "VARCHAR",
      "nullable": true,
      "metadata": {
        "distinct_count": 195
      }
    },
    {
      "name": "city_abbrev",
      "type": "VARCHAR",
      "nullable": true,
      "metadata": {
        "distinct_count": 489
      }
    },
    {
      "name": "latitude",
      "type": "DOUBLE",
      "nullable": true,
      "metadata": {
        "distinct_count": 532,
        "min": "-62.59018931792742",
        "max": "69.445358"
      }
    },
    {
      "name": "longitude",
      "type": "DOUBLE",
      "nullable": true,
      "metadata": {
        "distinct_count": 532,
        "min": "-157.8581401",
        "max": "174.7787463"
      }
    },
    {
      "name": "ts",
      "type": "TIMESTAMP",
      "nullable": true,
      "metadata": {
        "distinct_count": 1,
        "value_distribution": [
          {
            "value": "2023-09-24 19:19:14",
            "count": 553,
            "percentage": 100.0
          }
        ]
      }
    }
  ],
  "sample_rows": [
    {
      "location": "Paris, France (Le Trabendo)",
      "country": "France",
      "state": "\u00cele-de-France",
      "city": "Paris",
      "country_abbrev": "FR",
      "state_abbrev": "IDF",
      "city_abbrev": "Paris",
      "latitude": 48.8926277,
      "longitude": 2.3939626,
      "ts": "2023-09-24 19:19:14"
    },
    {
      "location": "Landover, MD",
      "country": "United States",
      "state": "Maryland",
      "city": "Greater Landover",
      "country_abbrev": "US",
      "state_abbrev": "MD",
      "city_abbrev": "Greater Landover",
      "latitude": 38.9340002,
      "longitude": -76.8966397,
      "ts": "2023-09-24 19:19:14"
    },
    {
      "location": "Guatemala City, Guatemala",
      "country": "Guatemala",
      "state": "Guatemala Department",
      "city": "Guatemala City",
      "country_abbrev": "GT",
      "state_abbrev": "Guatemala Department",
      "city_abbrev": "Guate",
      "latitude": 14.6349149,
      "longitude": -90.5068824,
      "ts": "2023-09-24 19:19:14"
    },
    {
      "location": "Grand Rapids, MI",
      "country": "United States",
      "state": "Michigan",
      "city": "Grand Rapids",
      "country_abbrev": "US",
      "state_abbrev": "MI",
      "city_abbrev": "Grand Rapids",
      "latitude": 42.9633599,
      "longitude": -85.6680863,
      "ts": "2023-09-24 19:19:14"
    },
    {
      "location": "Holstebro, Denmark",
      "country": "Denmark",
      "state": null,
      "city": "Holstebro",
      "country_abbrev": "DK",
      "state_abbrev": null,
      "city_abbrev": "Holstebro",
      "latitude": 56.36153400000001,
      "longitude": 8.621727,
      "ts": "2023-09-24 19:19:14"
    },
    {
      "location": "Shreveport, LA",
      "country": "United States",
      "state": "Louisiana",
      "city": "Shreveport",
      "country_abbrev": "US",
      "state_abbrev": "LA",
      "city_abbrev": "Shreveport",
      "latitude": 32.5251516,
      "longitude": -93.7501789,
      "ts": "2023-09-24 19:19:14"
    },
    {
      "location": "Oberhausen, Germany",
      "country": "Germany",
      "state": "North Rhine-Westphalia",
      "city": "Oberhausen",
      "country_abbrev": "DE",
      "state_abbrev": "NRW",
      "city_abbrev": "Oberhausen",
      "latitude": 51.4878429,
      "longitude": 6.863308,
      "ts": "2023-09-24 19:19:14"
    },
    {
      "location": "Nimes, France",
      "country": "France",
      "state": "Occitanie",
      "city": "N\u00eemes",
      "country_abbrev": "FR",
      "state_abbrev": "Occitanie",
      "city_abbrev": "N\u00eemes",
      "latitude": 43.836699,
      "longitude": 4.360054,
      "ts": "2023-09-24 19:19:14"
    },
    {
      "location": "South River, NJ",
      "country": "United States",
      "state": "New Jersey",
      "city": "South River",
      "country_abbrev": "US",
      "state_abbrev": "NJ",
      "city_abbrev": "South River",
      "latitude": 40.446495,
      "longitude": -74.38598309999999,
      "ts": "2023-09-24 19:19:14"
    },
    {
      "location": "Bristow, VA",
      "country": "United States",
      "state": "Virginia",
      "city": "Bristow",
      "country_abbrev": "US",
      "state_abbrev": "VA",
      "city_abbrev": "Bristow",
      "latitude": 38.723303,
      "longitude": -77.5367043,
      "ts": "2023-09-24 19:19:14"
    },
    {
      "location": "Chicoutimi, QC, Canada",
      "country": "Canada",
      "state": "Quebec",
      "city": "Saguenay",
      "country_abbrev": "CA",
      "state_abbrev": "QC",
      "city_abbrev": "Saguenay",
      "latitude": 48.4120843,
      "longitude": -71.05110789999999,
      "ts": "2023-09-24 19:19:14"
    },
    {
      "location": "Curitiba, Brazil",
      "country": "Brazil",
      "state": "State of Paran\u00e1",
      "city": "Curitiba",
      "country_abbrev": "BR",
      "state_abbrev": "PR",
      "city_abbrev": "Curitiba",
      "latitude": -25.4372382,
      "longitude": -49.2699727,
      "ts": "2023-09-24 19:19:14"
    },
    {
      "location": "Cardiff, Wales",
      "country": "United Kingdom",
      "state": "Wales",
      "city": "Cardiff",
      "country_abbrev": "GB",
      "state_abbrev": "Wales",
      "city_abbrev": "Cardiff",
      "latitude": 51.483707,
      "longitude": -3.1680962,
      "ts": "2023-09-24 19:19:14"
    },
    {
      "location": "Graz, Austria",
      "country": "Austria",
      "state": "Styria",
      "city": "Graz",
      "country_abbrev": "AT",
      "state_abbrev": "Styria",
      "city_abbrev": "Graz",
      "latitude": 47.070714,
      "longitude": 15.439504,
      "ts": "2023-09-24 19:19:14"
    },
    {
      "location": "Vigo, Spain",
      "country": "Spain",
      "state": "Galicia",
      "city": "Vigo",
      "country_abbrev": "ES",
      "state_abbrev": "GA",
      "city_abbrev": "Vigo",
      "latitude": 42.24059889999999,
      "longitude": -8.7207268,
      "ts": "2023-09-24 19:19:14"
    },
    {
      "location": "Prague, Czech Republic",
      "country": "Czechia",
      "state": "Prague",
      "city": "Prague",
      "country_abbrev": "CZ",
      "state_abbrev": "Prague",
      "city_abbrev": "Prague",
      "latitude": 50.0755381,
      "longitude": 14.4378005,
      "ts": "2023-09-24 19:19:14"
    },
    {
      "location": "Minden, Germany",
      "country": "Germany",
      "state": "North Rhine-Westphalia",
      "city": "Minden",
      "country_abbrev": "DE",
      "state_abbrev": "NRW",
      "city_abbrev": "Minden",
      "latitude": 52.2923549,
      "longitude": 8.9160539,
      "ts": "2023-09-24 19:19:14"
    },
    {
      "location": "Hoffman Estates, IL",
      "country": "United States",
      "state": "Illinois",
      "city": "Hoffman Estates",
      "country_abbrev": "US",
      "state_abbrev": "IL",
      "city_abbrev": "Hoffman Estates",
      "latitude": 42.0629915,
      "longitude": -88.12271989999999,
      "ts": "2023-09-24 19:19:14"
    },
    {
      "location": "Horsens, Denmark",
      "country": "Denmark",
      "state": null,
      "city": "Horsens",
      "country_abbrev": "DK",
      "state_abbrev": null,
      "city_abbrev": "Horsens",
      "latitude": 55.8581302,
      "longitude": 9.8475881,
      "ts": "2023-09-24 19:19:14"
    },
    {
      "location": "Milton Keynes, England",
      "country": "United Kingdom",
      "state": "England",
      "city": "Milton Keynes",
      "country_abbrev": "GB",
      "state_abbrev": "England",
      "city_abbrev": "Milton Keynes",
      "latitude": 52.0406224,
      "longitude": -0.7594171,
      "ts": "2023-09-24 19:19:14"
    },
    {
      "location": "Costa Mesa, CA",
      "country": "United States",
      "state": "California",
      "city": "Costa Mesa",
      "country_abbrev": "US",
      "state_abbrev": "CA",
      "city_abbrev": "Costa Mesa",
      "latitude": 33.6638439,
      "longitude": -117.9047429,
      "ts": "2023-09-24 19:19:14"
    },
    {
      "location": "Pittsburgh, PA",
      "country": "United States",
      "state": "Pennsylvania",
      "city": "Pittsburgh",
      "country_abbrev": "US",
      "state_abbrev": "PA",
      "city_abbrev": "Pittsburgh",
      "latitude": 40.44062479999999,
      "longitude": -79.9958864,
      "ts": "2023-09-24 19:19:14"
    },
    {
      "location": "St. Peters, MO",
      "country": "United States",
      "state": "Missouri",
      "city": "St. Peters",
      "country_abbrev": "US",
      "state_abbrev": "MO",
      "city_abbrev": "St Peters",
      "latitude": 38.7874699,
      "longitude": -90.6298922,
      "ts": "2023-09-24 19:19:14"
    },
    {
      "location": "Melbourne, Australia",
      "country": "Australia",
      "state": "Victoria",
      "city": null,
      "country_abbrev": "AU",
      "state_abbrev": "VIC",
      "city_abbrev": null,
      "latitude": -37.8136276,
      "longitude": 144.9630576,
      "ts": "2023-09-24 19:19:14"
    },
    {
      "location": "George, WA",
      "country": "United States",
      "state": "Washington",
      "city": "George",
      "country_abbrev": "US",
      "state_abbrev": "WA",
      "city_abbrev": "George",
      "latitude": 47.0790224,
      "longitude": -119.8558822,
      "ts": "2023-09-24 19:19:14"
    },
    {
      "location": "Zwolle, Netherlands",
      "country": "Netherlands",
      "state": "Overijssel",
      "city": "Zwolle",
      "country_abbrev": "NL",
      "state_abbrev": "OV",
      "city_abbrev": "Zwolle",
      "latitude": 52.5167747,
      "longitude": 6.083021899999999,
      "ts": "2023-09-24 19:19:14"
    },
    {
      "location": "San Rafael, CA",
      "country": "United States",
      "state": "California",
      "city": "San Rafael",
      "country_abbrev": "US",
      "state_abbrev": "CA",
      "city_abbrev": "San Rafael",
      "latitude": 37.9735346,
      "longitude": -122.5310874,
      "ts": "2023-09-24 19:19:14"
    },
    {
      "location": "Christchurch, New Zealand",
      "country": "New Zealand",
      "state": "Canterbury",
      "city": "Christchurch",
      "country_abbrev": "NZ",
      "state_abbrev": "Canterbury",
      "city_abbrev": "Christchurch",
      "latitude": -43.5320214,
      "longitude": 172.6305589,
      "ts": "2023-09-24 19:19:14"
    },
    {
      "location": "Los Angeles, CA (Grammy Awards)",
      "country": "United States",
      "state": "California",
      "city": "Los Angeles",
      "country_abbrev": "US",
      "state_abbrev": "CA",
      "city_abbrev": "Los Angeles",
      "latitude": 34.0549076,
      "longitude": -118.242643,
      "ts": "2023-09-24 19:19:14"
    },
    {
      "location": "Portland, OR",
      "country": "United States",
      "state": "Oregon",
      "city": "Portland",
      "country_abbrev": "US",
      "state_abbrev": "OR",
      "city_abbrev": "Portland",
      "latitude": 45.515232,
      "longitude": -122.6783853,
      "ts": "2023-09-24 19:19:14"
    },
    {
      "location": "Tartu, Estonia",
      "country": "Estonia",
      "state": "Tartu County",
      "city": "Tartu",
      "country_abbrev": "EE",
      "state_abbrev": "Tartu County",
      "city_abbrev": "Tartu",
      "latitude": 58.37798299999999,
      "longitude": 26.7290383,
      "ts": "2023-09-24 19:19:14"
    },
    {
      "location": "Hanover, Germany",
      "country": "Germany",
      "state": "Lower Saxony",
      "city": "Hanover",
      "country_abbrev": "DE",
      "state_abbrev": "NDS",
      "city_abbrev": "Hanover",
      "latitude": 52.3758916,
      "longitude": 9.732010400000002,
      "ts": "2023-09-24 19:19:14"
    },
    {
      "location": "Essen, Germany",
      "country": "Germany",
      "state": "North Rhine-Westphalia",
      "city": "Essen",
      "country_abbrev": "DE",
      "state_abbrev": "NRW",
      "city_abbrev": "E",
      "latitude": 51.4556432,
      "longitude": 7.0115552,
      "ts": "2023-09-24 19:19:14"
    },
    {
      "location": "Bethlehem, PA",
      "country": "United States",
      "state": "Pennsylvania",
      "city": "Bethlehem",
      "country_abbrev": "US",
      "state_abbrev": "PA",
      "city_abbrev": "Bethlehem",
      "latitude": 40.6259316,
      "longitude": -75.37045789999999,
      "ts": "2023-09-24 19:19:14"
    },
    {
      "location": "Richmond, VA",
      "country": "United States",
      "state": "Virginia",
      "city": "Richmond",
      "country_abbrev": "US",
      "state_abbrev": "VA",
      "city_abbrev": "Richmond",
      "latitude": 37.5407246,
      "longitude": -77.4360481,
      "ts": "2023-09-24 19:19:14"
    },
    {
      "location": "Babylon, NY",
      "country": "United States",
      "state": "New York",
      "city": "Babylon",
      "country_abbrev": "US",
      "state_abbrev": "NY",
      "city_abbrev": "Babylon",
      "latitude": 40.6956552,
      "longitude": -73.3256753,
      "ts": "2023-09-24 19:19:14"
    },
    {
      "location": "Beijing, China",
      "country": "China",
      "state": "Beijing",
      "city": "Beijing",
      "country_abbrev": "CN",
      "state_abbrev": "Beijing",
      "city_abbrev": "Beijing",
      "latitude": 39.904211,
      "longitude": 116.407395,
      "ts": "2023-09-24 19:19:14"
    },
    {
      "location": "Santa Monica, CA",
      "country": "United States",
      "state": "California",
      "city": "Santa Monica",
      "country_abbrev": "US",
      "state_abbrev": "CA",
      "city_abbrev": "Santa Monica",
      "latitude": 34.0194543,
      "longitude": -118.4911912,
      "ts": "2023-09-24 19:19:14"
    },
    {
      "location": "Weedsport, NY",
      "country": "United States",
      "state": "New York",
      "city": "Weedsport",
      "country_abbrev": "US",
      "state_abbrev": "NY",
      "city_abbrev": "Weedsport",
      "latitude": 43.048677,
      "longitude": -76.5627197,
      "ts": "2023-09-24 19:19:14"
    },
    {
      "location": "Cleveland, OH (Odeon)",
      "country": "United States",
      "state": "Ohio",
      "city": "Cleveland",
      "country_abbrev": "US",
      "state_abbrev": "OH",
      "city_abbrev": "Cleveland",
      "latitude": 41.4985135,
      "longitude": -81.70290190000001,
      "ts": "2023-09-24 19:19:14"
    },
    {
      "location": "Mexico City, Mexico",
      "country": "Mexico",
      "state": "Mexico City",
      "city": "Mexico City",
      "country_abbrev": "MX",
      "state_abbrev": "CDMX",
      "city_abbrev": "M\u00e9xico D.F.",
      "latitude": 19.4326077,
      "longitude": -99.133208,
      "ts": "2023-09-24 19:19:14"
    },
    {
      "location": "Mears, MI",
      "country": "United States",
      "state": "Michigan",
      "city": "Mears",
      "country_abbrev": "US",
      "state_abbrev": "MI",
      "city_abbrev": "Mears",
      "latitude": 43.6819514,
      "longitude": -86.4197997,
      "ts": "2023-09-24 19:19:14"
    },
    {
      "location": "Atlanta, GA",
      "country": "United States",
      "state": "Georgia",
      "city": "Atlanta",
      "country_abbrev": "US",
      "state_abbrev": "GA",
      "city_abbrev": "Atlanta",
      "latitude": 33.748752,
      "longitude": -84.38768449999999,
      "ts": "2023-09-24 19:19:14"
    },
    {
      "location": "Hamilton, ON, Canada",
      "country": "Canada",
      "state": "Ontario",
      "city": "Hamilton",
      "country_abbrev": "CA",
      "state_abbrev": "ON",
      "city_abbrev": "Hamilton",
      "latitude": 43.2557206,
      "longitude": -79.8711024,
      "ts": "2023-09-24 19:19:14"
    },
    {
      "location": "Hanley, England",
      "country": "United Kingdom",
      "state": "England",
      "city": null,
      "country_abbrev": "GB",
      "state_abbrev": "England",
      "city_abbrev": null,
      "latitude": 53.0271687,
      "longitude": -2.1775308,
      "ts": "2023-09-24 19:19:14"
    },
    {
      "location": "Tokyo, Japan",
      "country": "Japan",
      "state": "Tokyo",
      "city": null,
      "country_abbrev": "JP",
      "state_abbrev": "Tokyo",
      "city_abbrev": null,
      "latitude": 35.6761919,
      "longitude": 139.6503106,
      "ts": "2023-09-24 19:19:14"
    },
    {
      "location": "Jacksonville, FL",
      "country": "United States",
      "state": "Florida",
      "city": "Jacksonville",
      "country_abbrev": "US",
      "state_abbrev": "FL",
      "city_abbrev": "Jacksonville",
      "latitude": 30.3321838,
      "longitude": -81.65565099999999,
      "ts": "2023-09-24 19:19:14"
    },
    {
      "location": "Newport, Wales",
      "country": "United Kingdom",
      "state": "Wales",
      "city": "Newport",
      "country_abbrev": "GB",
      "state_abbrev": "Wales",
      "city_abbrev": "Newport",
      "latitude": 51.584151,
      "longitude": -2.997664,
      "ts": "2023-09-24 19:19:14"
    },
    {
      "location": "Sioux Falls, SD",
      "country": "United States",
      "state": "South Dakota",
      "city": "Sioux Falls",
      "country_abbrev": "US",
      "state_abbrev": "SD",
      "city_abbrev": "Sioux Falls",
      "latitude": 43.5460223,
      "longitude": -96.731265,
      "ts": "2023-09-24 19:19:14"
    },
    {
      "location": "Clisson, France",
      "country": "France",
      "state": "Pays de la Loire",
      "city": "Clisson",
      "country_abbrev": "FR",
      "state_abbrev": "Pays de la Loire",
      "city_abbrev": "Clisson",
      "latitude": 47.0864509,
      "longitude": -1.280468,
      "ts": "2023-09-24 19:19:14"
    },
    {
      "location": "Lincoln, NE",
      "country": "United States",
      "state": "Nebraska",
      "city": "Lincoln",
      "country_abbrev": "US",
      "state_abbrev": "NE",
      "city_abbrev": "Lincoln",
      "latitude": 40.813616,
      "longitude": -96.7025955,
      "ts": "2023-09-24 19:19:14"
    },
    {
      "location": "Pasadena, TX",
      "country": "United States",
      "state": "Texas",
      "city": "Pasadena",
      "country_abbrev": "US",
      "state_abbrev": "TX",
      "city_abbrev": "Pasadena",
      "latitude": 29.6910625,
      "longitude": -95.2091006,
      "ts": "2023-09-24 19:19:14"
    },
    {
      "location": "Zaragoza, Spain",
      "country": "Spain",
      "state": "Aragon",
      "city": "Zaragoza",
      "country_abbrev": "ES",
      "state_abbrev": "AR",
      "city_abbrev": "Zaragoza",
      "latitude": 41.6488226,
      "longitude": -0.8890853,
      "ts": "2023-09-24 19:19:14"
    },
    {
      "location": "Lillestrom, Norway",
      "country": "Norway",
      "state": "Viken",
      "city": "Lillestr\u00f8m",
      "country_abbrev": "NO",
      "state_abbrev": "Viken",
      "city_abbrev": "Lillestr\u00f8m",
      "latitude": 59.9559696,
      "longitude": 11.0503785,
      "ts": "2023-09-24 19:19:14"
    },
    {
      "location": "Gelsenkirchen, Germany",
      "country": "Germany",
      "state": "North Rhine-Westphalia",
      "city": "Gelsenkirchen",
      "country_abbrev": "DE",
      "state_abbrev": "NRW",
      "city_abbrev": "GE",
      "latitude": 51.5187651,
      "longitude": 7.0838411,
      "ts": "2023-09-24 19:19:14"
    },
    {
      "location": "Hershey, PA",
      "country": "United States",
      "state": "Pennsylvania",
      "city": "Hershey",
      "country_abbrev": "US",
      "state_abbrev": "PA",
      "city_abbrev": "Hershey",
      "latitude": 40.2859239,
      "longitude": -76.65024679999999,
      "ts": "2023-09-24 19:19:14"
    },
    {
      "location": "Burlington, IA",
      "country": "United States",
      "state": "Iowa",
      "city": "Burlington",
      "country_abbrev": "US",
      "state_abbrev": "IA",
      "city_abbrev": "Burlington",
      "latitude": 40.8076529,
      "longitude": -91.1128901,
      "ts": "2023-09-24 19:19:14"
    },
    {
      "location": "Corpus Christi, TX",
      "country": "United States",
      "state": "Texas",
      "city": "Corpus Christi",
      "country_abbrev": "US",
      "state_abbrev": "TX",
      "city_abbrev": "Corpus Christi",
      "latitude": 27.8005828,
      "longitude": -97.39638099999999,
      "ts": "2023-09-24 19:19:14"
    },
    {
      "location": "Osaka, Japan",
      "country": "Japan",
      "state": "Osaka",
      "city": "Osaka",
      "country_abbrev": "JP",
      "state_abbrev": "Osaka",
      "city_abbrev": "Osaka",
      "latitude": 34.6937249,
      "longitude": 135.5022535,
      "ts": "2023-09-24 19:19:14"
    },
    {
      "location": "Toulouse, France",
      "country": "France",
      "state": "Occitanie",
      "city": "Toulouse",
      "country_abbrev": "FR",
      "state_abbrev": "Occitanie",
      "city_abbrev": "Toulouse",
      "latitude": 43.604652,
      "longitude": 1.444209,
      "ts": "2023-09-24 19:19:14"
    },
    {
      "location": "Charleston, WV",
      "country": "United States",
      "state": "West Virginia",
      "city": "Charleston",
      "country_abbrev": "US",
      "state_abbrev": "WV",
      "city_abbrev": "Charleston",
      "latitude": 38.3498195,
      "longitude": -81.6326234,
      "ts": "2023-09-24 19:19:14"
    },
    {
      "location": "Lexington, KY",
      "country": "United States",
      "state": "Kentucky",
      "city": "Lexington",
      "country_abbrev": "US",
      "state_abbrev": "KY",
      "city_abbrev": "Lexington",
      "latitude": 38.0405837,
      "longitude": -84.5037164,
      "ts": "2023-09-24 19:19:14"
    },
    {
      "location": "Amn\u00e9ville, France",
      "country": "France",
      "state": "Grand Est",
      "city": "Amn\u00e9ville",
      "country_abbrev": "FR",
      "state_abbrev": "Grand Est",
      "city_abbrev": "Amn\u00e9ville",
      "latitude": 49.2599469,
      "longitude": 6.142912,
      "ts": "2023-09-24 19:19:14"
    },
    {
      "location": "Las Vegas, NV (TV)",
      "country": "United States",
      "state": "Nevada",
      "city": "Las Vegas",
      "country_abbrev": "US",
      "state_abbrev": "NV",
      "city_abbrev": "Las Vegas",
      "latitude": 36.171563,
      "longitude": -115.1391009,
      "ts": "2023-09-24 19:19:14"
    },
    {
      "location": "Tulsa, OK",
      "country": "United States",
      "state": "Oklahoma",
      "city": "Tulsa",
      "country_abbrev": "US",
      "state_abbrev": "OK",
      "city_abbrev": "Tulsa",
      "latitude": 36.1539816,
      "longitude": -95.99277500000001,
      "ts": "2023-09-24 19:19:14"
    },
    {
      "location": "West Hartford, CT",
      "country": "United States",
      "state": "Connecticut",
      "city": "West Hartford",
      "country_abbrev": "US",
      "state_abbrev": "CT",
      "city_abbrev": "West Hartford",
      "latitude": 41.7620842,
      "longitude": -72.7420151,
      "ts": "2023-09-24 19:19:14"
    },
    {
      "location": "Oldenzaal, Netherlands",
      "country": "Netherlands",
      "state": "Overijssel",
      "city": "Oldenzaal",
      "country_abbrev": "NL",
      "state_abbrev": "OV",
      "city_abbrev": "Oldenzaal",
      "latitude": 52.3116551,
      "longitude": 6.926828299999999,
      "ts": "2023-09-24 19:19:14"
    },
    {
      "location": "Bern, Switzerland",
      "country": "Switzerland",
      "state": "Canton of Bern",
      "city": "Bern",
      "country_abbrev": "CH",
      "state_abbrev": "BE",
      "city_abbrev": "Bern",
      "latitude": 46.9479739,
      "longitude": 7.4474468,
      "ts": "2023-09-24 19:19:14"
    },
    {
      "location": "Oakland, CA",
      "country": "United States",
      "state": "California",
      "city": "Oakland",
      "country_abbrev": "US",
      "state_abbrev": "CA",
      "city_abbrev": "Oakland",
      "latitude": 37.8043514,
      "longitude": -122.2711639,
      "ts": "2023-09-24 19:19:14"
    },
    {
      "location": "Yokohama, Japan",
      "country": "Japan",
      "state": "Kanagawa",
      "city": "Yokohama",
      "country_abbrev": "JP",
      "state_abbrev": "Kanagawa",
      "city_abbrev": "Yokohama",
      "latitude": 35.4436739,
      "longitude": 139.6379639,
      "ts": "2023-09-24 19:19:14"
    },
    {
      "location": "St. Petersburg, Russia",
      "country": "Russia",
      "state": "Saint Petersburg",
      "city": "Saint Petersburg",
      "country_abbrev": "RU",
      "state_abbrev": "Saint Petersburg",
      "city_abbrev": "\u0421\u041f\u0411",
      "latitude": 59.9310584,
      "longitude": 30.3609097,
      "ts": "2023-09-24 19:19:14"
    },
    {
      "location": "Dublin, Ireland",
      "country": "Ireland",
      "state": "County Dublin",
      "city": "Dublin",
      "country_abbrev": "IE",
      "state_abbrev": "D",
      "city_abbrev": "Dublin",
      "latitude": 53.3498053,
      "longitude": -6.2603097,
      "ts": "2023-09-24 19:19:14"
    },
    {
      "location": "Eindhoven, Netherlands",
      "country": "Netherlands",
      "state": "North Brabant",
      "city": "Eindhoven",
      "country_abbrev": "NL",
      "state_abbrev": "NB",
      "city_abbrev": "Eindhoven",
      "latitude": 51.42314229999999,
      "longitude": 5.462289699999999,
      "ts": "2023-09-24 19:19:14"
    },
    {
      "location": "Roanoke, VA",
      "country": "United States",
      "state": "Virginia",
      "city": "Roanoke",
      "country_abbrev": "US",
      "state_abbrev": "VA",
      "city_abbrev": "Roanoke",
      "latitude": 37.2709704,
      "longitude": -79.9414266,
      "ts": "2023-09-24 19:19:14"
    },
    {
      "location": "Las Cruces, NM",
      "country": "United States",
      "state": "New Mexico",
      "city": "Las Cruces",
      "country_abbrev": "US",
      "state_abbrev": "NM",
      "city_abbrev": "Las Cruces",
      "latitude": 32.3199396,
      "longitude": -106.7636538,
      "ts": "2023-09-24 19:19:14"
    },
    {
      "location": "London, England (Virgin Radio)",
      "country": "United Kingdom",
      "state": "England",
      "city": null,
      "country_abbrev": "GB",
      "state_abbrev": "England",
      "city_abbrev": null,
      "latitude": 51.5051731,
      "longitude": -0.0874037,
      "ts": "2023-09-24 19:19:14"
    },
    {
      "location": "Arras, France",
      "country": "France",
      "state": "Hauts-de-France",
      "city": "Arras",
      "country_abbrev": "FR",
      "state_abbrev": "Hauts-de-France",
      "city_abbrev": "Arras",
      "latitude": 50.291002,
      "longitude": 2.777535,
      "ts": "2023-09-24 19:19:14"
    },
    {
      "location": "Knebworth, England",
      "country": "United Kingdom",
      "state": "England",
      "city": "Knebworth",
      "country_abbrev": "GB",
      "state_abbrev": "England",
      "city_abbrev": "Knebworth",
      "latitude": 51.8655339,
      "longitude": -0.182981,
      "ts": "2023-09-24 19:19:14"
    },
    {
      "location": "Barrie, ON, Canada",
      "country": "Canada",
      "state": "Ontario",
      "city": "Barrie",
      "country_abbrev": "CA",
      "state_abbrev": "ON",
      "city_abbrev": "Barrie",
      "latitude": 44.38935559999999,
      "longitude": -79.6903316,
      "ts": "2023-09-24 19:19:14"
    },
    {
      "location": "Paris, France (Canal+)",
      "country": "France",
      "state": "\u00cele-de-France",
      "city": "Paris",
      "country_abbrev": "FR",
      "state_abbrev": "IDF",
      "city_abbrev": "Paris",
      "latitude": 48.856614,
      "longitude": 2.3522219,
      "ts": "2023-09-24 19:19:14"
    },
    {
      "location": "San Quentin, CA",
      "country": "United States",
      "state": "California",
      "city": "San Quentin",
      "country_abbrev": "US",
      "state_abbrev": "CA",
      "city_abbrev": "San Quentin",
      "latitude": 37.9413246,
      "longitude": -122.484704,
      "ts": "2023-09-24 19:19:14"
    },
    {
      "location": "Santiago, Chile",
      "country": "Chile",
      "state": "Santiago Metropolitan Region",
      "city": null,
      "country_abbrev": "CL",
      "state_abbrev": "Santiago Metropolitan Region",
      "city_abbrev": null,
      "latitude": -33.4488897,
      "longitude": -70.6692655,
      "ts": "2023-09-24 19:19:14"
    },
    {
      "location": "Baltimore, MD",
      "country": "United States",
      "state": "Maryland",
      "city": "Baltimore",
      "country_abbrev": "US",
      "state_abbrev": "MD",
      "city_abbrev": "Baltimore",
      "latitude": 39.2903848,
      "longitude": -76.6121893,
      "ts": "2023-09-24 19:19:14"
    },
    {
      "location": "South Shetland Islands, Antarctica",
      "country": "Antarctica",
      "state": null,
      "city": null,
      "country_abbrev": "AQ",
      "state_abbrev": null,
      "city_abbrev": null,
      "latitude": -62.59018931792742,
      "longitude": -59.91108001339148,
      "ts": "2023-09-24 19:19:14"
    },
    {
      "location": "Mechanicsburg, PA",
      "country": "United States",
      "state": "Pennsylvania",
      "city": "Mechanicsburg",
      "country_abbrev": "US",
      "state_abbrev": "PA",
      "city_abbrev": "Mechanicsburg",
      "latitude": 40.2132692,
      "longitude": -77.0080309,
      "ts": "2023-09-24 19:19:14"
    },
    {
      "location": "North Charleston, SC",
      "country": "United States",
      "state": "South Carolina",
      "city": "North Charleston",
      "country_abbrev": "US",
      "state_abbrev": "SC",
      "city_abbrev": "North Charleston",
      "latitude": 32.8771106,
      "longitude": -80.0130514,
      "ts": "2023-09-24 19:19:14"
    },
    {
      "location": "Providence, RI",
      "country": "United States",
      "state": "Rhode Island",
      "city": "Providence",
      "country_abbrev": "US",
      "state_abbrev": "RI",
      "city_abbrev": "Providence",
      "latitude": 41.8239891,
      "longitude": -71.4128343,
      "ts": "2023-09-24 19:19:14"
    },
    {
      "location": "St. Paul, MN",
      "country": "United States",
      "state": "Minnesota",
      "city": "Saint Paul",
      "country_abbrev": "US",
      "state_abbrev": "MN",
      "city_abbrev": "St Paul",
      "latitude": 44.9537029,
      "longitude": -93.0899578,
      "ts": "2023-09-24 19:19:14"
    },
    {
      "location": "Fort Worth, TX",
      "country": "United States",
      "state": "Texas",
      "city": "Fort Worth",
      "country_abbrev": "US",
      "state_abbrev": "TX",
      "city_abbrev": "Fort Worth",
      "latitude": 32.7554883,
      "longitude": -97.3307658,
      "ts": "2023-09-24 19:19:14"
    },
    {
      "location": "Huntsville, AL",
      "country": "United States",
      "state": "Alabama",
      "city": "Huntsville",
      "country_abbrev": "US",
      "state_abbrev": "AL",
      "city_abbrev": "Huntsville",
      "latitude": 34.7303688,
      "longitude": -86.5861037,
      "ts": "2023-09-24 19:19:14"
    },
    {
      "location": "Russellville, AR",
      "country": "United States",
      "state": "Arkansas",
      "city": "Russellville",
      "country_abbrev": "US",
      "state_abbrev": "AR",
      "city_abbrev": "Russellville",
      "latitude": 35.278116,
      "longitude": -93.13370069999999,
      "ts": "2023-09-24 19:19:14"
    },
    {
      "location": "Columbus, OH",
      "country": "United States",
      "state": "Ohio",
      "city": "Columbus",
      "country_abbrev": "US",
      "state_abbrev": "OH",
      "city_abbrev": "Columbus",
      "latitude": 39.9611755,
      "longitude": -82.99879419999999,
      "ts": "2023-09-24 19:19:14"
    },
    {
      "location": "Asunci\u00f3n, Paraguay",
      "country": "Paraguay",
      "state": null,
      "city": "Asunci\u00f3n",
      "country_abbrev": "PY",
      "state_abbrev": null,
      "city_abbrev": "Asunci\u00f3n",
      "latitude": -25.2637399,
      "longitude": -57.57592599999999,
      "ts": "2023-09-24 19:19:14"
    },
    {
      "location": "Brussels, Belgium",
      "country": "Belgium",
      "state": "Brussels",
      "city": "Brussels",
      "country_abbrev": "BE",
      "state_abbrev": "Brussels",
      "city_abbrev": "Brussels",
      "latitude": 50.8476424,
      "longitude": 4.3571696,
      "ts": "2023-09-24 19:19:14"
    },
    {
      "location": "Pihtipudas, Finland",
      "country": "Finland",
      "state": "Central Finland",
      "city": "Pihtipudas",
      "country_abbrev": "FI",
      "state_abbrev": "Central Finland",
      "city_abbrev": "Pihtipudas",
      "latitude": 63.3706094,
      "longitude": 25.5754706,
      "ts": "2023-09-24 19:19:14"
    },
    {
      "location": "Werchter, Belgium",
      "country": "Belgium",
      "state": "Flanders",
      "city": "Rotselaar",
      "country_abbrev": "BE",
      "state_abbrev": "Flanders",
      "city_abbrev": "Rotselaar",
      "latitude": 50.9712194,
      "longitude": 4.694200899999999,
      "ts": "2023-09-24 19:19:14"
    },
    {
      "location": "Los Angeles, CA",
      "country": "United States",
      "state": "California",
      "city": "Los Angeles",
      "country_abbrev": "US",
      "state_abbrev": "CA",
      "city_abbrev": "Los Angeles",
      "latitude": 34.0549076,
      "longitude": -118.242643,
      "ts": "2023-09-24 19:19:14"
    },
    {
      "location": "Duluth, MN",
      "country": "United States",
      "state": "Minnesota",
      "city": "Duluth",
      "country_abbrev": "US",
      "state_abbrev": "MN",
      "city_abbrev": "Duluth",
      "latitude": 46.78667189999999,
      "longitude": -92.1004852,
      "ts": "2023-09-24 19:19:14"
    },
    {
      "location": "Camden, NJ",
      "country": "United States",
      "state": "New Jersey",
      "city": "Camden",
      "country_abbrev": "US",
      "state_abbrev": "NJ",
      "city_abbrev": "Camden",
      "latitude": 39.9259463,
      "longitude": -75.1196199,
      "ts": "2023-09-24 19:19:14"
    },
    {
      "location": "Lyon, France",
      "country": "France",
      "state": "Auvergne-Rh\u00f4ne-Alpes",
      "city": "Lyon",
      "country_abbrev": "FR",
      "state_abbrev": "Auvergne-Rh\u00f4ne-Alpes",
      "city_abbrev": "Lyon",
      "latitude": 45.764043,
      "longitude": 4.835659,
      "ts": "2023-09-24 19:19:14"
    }
  ]
}