{
  "table_name": "ref_us_zipcodes",
  "schema": "csv_files",
  "database": "csv_files",
  "row_count": 42192,
  "columns": [
    {
      "name": "zipcode",
      "type": "BIGINT",
      "nullable": true,
      "metadata": {
        "distinct_count": 42192,
        "min": "210",
        "max": "99950"
      }
    },
    {
      "name": "name",
      "type": "VARCHAR",
      "nullable": true,
      "metadata": {
        "distinct_count": 18940
      }
    },
    {
      "name": "fips_state_code",
      "type": "BIGINT",
      "nullable": true,
      "metadata": {
        "distinct_count": 59,
        "min": "1",
        "max": "78"
      }
    },
    {
      "name": "fips_county_code",
      "type": "BIGINT",
      "nullable": true,
      "metadata": {
        "distinct_count": 326,
        "min": "1",
        "max": "840"
      }
    },
    {
      "name": "latitude",
      "type": "DOUBLE",
      "nullable": true,
      "metadata": {
        "distinct_count": 36512,
        "min": "-7.209975",
        "max": "71.299525"
      }
    },
    {
      "name": "longitude",
      "type": "DOUBLE",
      "nullable": true,
      "metadata": {
        "distinct_count": 36534,
        "min": "-176.636755",
        "max": "166.410291"
      }
    }
  ],
  "sample_rows": [
    {
      "zipcode": 99585,
      "name": "MARSHALL",
      "fips_state_code": 2,
      "fips_county_code": 270,
      "latitude": 61.878073,
      "longitude": -162.084812
    },
    {
      "zipcode": 93040,
      "name": "PIRU",
      "fips_state_code": 6,
      "fips_county_code": 111,
      "latitude": 34.424363,
      "longitude": -118.739086
    },
    {
      "zipcode": 47922,
      "name": "BROOK",
      "fips_state_code": 18,
      "fips_county_code": 111,
      "latitude": 40.8685,
      "longitude": -87.358996
    },
    {
      "zipcode": 1238,
      "name": "LEE",
      "fips_state_code": 25,
      "fips_county_code": 3,
      "latitude": 42.299263,
      "longitude": -73.232707
    },
    {
      "zipcode": 1540,
      "name": "OXFORD",
      "fips_state_code": 25,
      "fips_county_code": 27,
      "latitude": 42.117527,
      "longitude": -71.8657
    },
    {
      "zipcode": 56447,
      "name": "EMILY",
      "fips_state_code": 27,
      "fips_county_code": 35,
      "latitude": 46.735697,
      "longitude": -93.942055
    },
    {
      "zipcode": 63940,
      "name": "FISK",
      "fips_state_code": 29,
      "fips_county_code": 23,
      "latitude": 36.772841,
      "longitude": -90.218018
    },
    {
      "zipcode": 65345,
      "name": "MORA",
      "fips_state_code": 29,
      "fips_county_code": 159,
      "latitude": 38.55338,
      "longitude": -93.114175
    },
    {
      "zipcode": 7644,
      "name": "LODI",
      "fips_state_code": 34,
      "fips_county_code": 3,
      "latitude": 40.877999,
      "longitude": -74.082659
    },
    {
      "zipcode": 28635,
      "name": "HAYS",
      "fips_state_code": 37,
      "fips_county_code": 193,
      "latitude": 36.315077,
      "longitude": -81.131467
    },
    {
      "zipcode": 44420,
      "name": "GIRARD",
      "fips_state_code": 39,
      "fips_county_code": 155,
      "latitude": 41.160758,
      "longitude": -80.693
    },
    {
      "zipcode": 45015,
      "name": "HAMILTON",
      "fips_state_code": 39,
      "fips_county_code": 17,
      "latitude": 39.367106,
      "longitude": -84.55053
    },
    {
      "zipcode": 97122,
      "name": "HEBO",
      "fips_state_code": 41,
      "fips_county_code": 57,
      "latitude": 45.187837,
      "longitude": -123.82026
    },
    {
      "zipcode": 15761,
      "name": "MENTCLE",
      "fips_state_code": 42,
      "fips_county_code": 63,
      "latitude": 40.625962,
      "longitude": -78.893259
    },
    {
      "zipcode": 77616,
      "name": "FRED",
      "fips_state_code": 48,
      "fips_county_code": 457,
      "latitude": 30.564151,
      "longitude": -94.207605
    },
    {
      "zipcode": 98198,
      "name": "SEATTLE",
      "fips_state_code": 53,
      "fips_county_code": 33,
      "latitude": 47.397521,
      "longitude": -122.315
    },
    {
      "zipcode": 210,
      "name": "PORTSMOUTH",
      "fips_state_code": 33,
      "fips_county_code": 15,
      "latitude": 43.005895,
      "longitude": -71.013202
    },
    {
      "zipcode": 211,
      "name": "PORTSMOUTH",
      "fips_state_code": 33,
      "fips_county_code": 15,
      "latitude": 43.005895,
      "longitude": -71.013202
    },
    {
      "zipcode": 212,
      "name": "PORTSMOUTH",
      "fips_state_code": 33,
      "fips_county_code": 15,
      "latitude": 43.005895,
      "longitude": -71.013202
    },
    {
      "zipcode": 213,
      "name": "PORTSMOUTH",
      "fips_state_code": 33,
      "fips_county_code": 15,
      "latitude": 43.005895,
      "longitude": -71.013202
    },
    {
      "zipcode": 214,
      "name": "PORTSMOUTH",
      "fips_state_code": 33,
      "fips_county_code": 15,
      "latitude": 43.005895,
      "longitude": -71.013202
    },
    {
      "zipcode": 215,
      "name": "PORTSMOUTH",
      "fips_state_code": 33,
      "fips_county_code": 15,
      "latitude": 43.005895,
      "longitude": -71.013202
    },
    {
      "zipcode": 501,
      "name": "HOLTSVILLE",
      "fips_state_code": 36,
      "fips_county_code": 103,
      "latitude": 40.922326,
      "longitude": -72.637078
    },
    {
      "zipcode": 544,
      "name": "HOLTSVILLE",
      "fips_state_code": 36,
      "fips_county_code": 103,
      "latitude": 40.922326,
      "longitude": -72.637078
    },
    {
      "zipcode": 605,
      "name": "AGUADILLA",
      "fips_state_code": 72,
      "fips_county_code": 5,
      "latitude": 18.465162,
      "longitude": -67.141486
    },
    {
      "zipcode": 611,
      "name": "ANGELES",
      "fips_state_code": 72,
      "fips_county_code": 141,
      "latitude": 18.279531,
      "longitude": -66.80217
    },
    {
      "zipcode": 613,
      "name": "ARECIBO",
      "fips_state_code": 72,
      "fips_county_code": 13,
      "latitude": 18.458093,
      "longitude": -66.732732
    },
    {
      "zipcode": 614,
      "name": "ARECIBO",
      "fips_state_code": 72,
      "fips_county_code": 13,
      "latitude": 18.429675,
      "longitude": -66.674506
    },
    {
      "zipcode": 636,
      "name": "ROSARIO",
      "fips_state_code": 72,
      "fips_county_code": 125,
      "latitude": 18.113284,
      "longitude": -67.039706
    },
    {
      "zipcode": 681,
      "name": "MAYAGUEZ",
      "fips_state_code": 72,
      "fips_county_code": 97,
      "latitude": 18.219023,
      "longitude": -67.508068
    },
    {
      "zipcode": 694,
      "name": "VEGA BAJA",
      "fips_state_code": 72,
      "fips_county_code": 145,
      "latitude": 18.443109,
      "longitude": -66.398302
    },
    {
      "zipcode": 721,
      "name": "PALMER",
      "fips_state_code": 72,
      "fips_county_code": 119,
      "latitude": 18.364161,
      "longitude": -65.778288
    },
    {
      "zipcode": 726,
      "name": "CAGUAS",
      "fips_state_code": 72,
      "fips_county_code": 25,
      "latitude": 18.212965,
      "longitude": -66.058033
    },
    {
      "zipcode": 732,
      "name": "PONCE",
      "fips_state_code": 72,
      "fips_county_code": 113,
      "latitude": 18.021781,
      "longitude": -66.613742
    },
    {
      "zipcode": 733,
      "name": "PONCE",
      "fips_state_code": 72,
      "fips_county_code": 113,
      "latitude": 18.019331,
      "longitude": -66.619165
    },
    {
      "zipcode": 734,
      "name": "PONCE",
      "fips_state_code": 72,
      "fips_county_code": 113,
      "latitude": 17.999499,
      "longitude": -66.643934
    },
    {
      "zipcode": 737,
      "name": "CAYEY",
      "fips_state_code": 72,
      "fips_county_code": 35,
      "latitude": 18.102967,
      "longitude": -66.139274
    },
    {
      "zipcode": 742,
      "name": "ROOSEVELT ROADS",
      "fips_state_code": 72,
      "fips_county_code": 37,
      "latitude": 18.264872,
      "longitude": -65.594769
    },
    {
      "zipcode": 744,
      "name": "RIO BLANCO",
      "fips_state_code": 72,
      "fips_county_code": 103,
      "latitude": 18.206329,
      "longitude": -65.743058
    },
    {
      "zipcode": 785,
      "name": "GUAYAMA",
      "fips_state_code": 72,
      "fips_county_code": 59,
      "latitude": 18.018822,
      "longitude": -66.795603
    },
    {
      "zipcode": 786,
      "name": "LA PLATA",
      "fips_state_code": 72,
      "fips_county_code": 9,
      "latitude": 18.128092,
      "longitude": -66.268717
    },
    {
      "zipcode": 792,
      "name": "HUMACAO",
      "fips_state_code": 72,
      "fips_county_code": 69,
      "latitude": 18.138029,
      "longitude": -65.788499
    },
    {
      "zipcode": 801,
      "name": "ST THOMAS",
      "fips_state_code": 78,
      "fips_county_code": 30,
      "latitude": 18.322285,
      "longitude": -64.963715
    },
    {
      "zipcode": 802,
      "name": "ST THOMAS",
      "fips_state_code": 78,
      "fips_county_code": 30,
      "latitude": 18.322285,
      "longitude": -64.963715
    },
    {
      "zipcode": 803,
      "name": "ST THOMAS",
      "fips_state_code": 78,
      "fips_county_code": 30,
      "latitude": 18.322285,
      "longitude": -64.963715
    },
    {
      "zipcode": 804,
      "name": "ST THOMAS",
      "fips_state_code": 78,
      "fips_county_code": 30,
      "latitude": 18.322285,
      "longitude": -64.963715
    },
    {
      "zipcode": 805,
      "name": "ST THOMAS",
      "fips_state_code": 78,
      "fips_county_code": 30,
      "latitude": 18.322285,
      "longitude": -64.963715
    },
    {
      "zipcode": 820,
      "name": "CHRISTIANSTED",
      "fips_state_code": 78,
      "fips_county_code": 10,
      "latitude": 17.734211,
      "longitude": -64.734694
    },
    {
      "zipcode": 821,
      "name": "CHRISTIANSTED",
      "fips_state_code": 78,
      "fips_county_code": 10,
      "latitude": 17.734211,
      "longitude": -64.734694
    },
    {
      "zipcode": 822,
      "name": "CHRISTIANSTED",
      "fips_state_code": 78,
      "fips_county_code": 10,
      "latitude": 17.734211,
      "longitude": -64.734694
    },
    {
      "zipcode": 823,
      "name": "CHRISTIANSTED",
      "fips_state_code": 78,
      "fips_county_code": 10,
      "latitude": 17.734211,
      "longitude": -64.734694
    },
    {
      "zipcode": 824,
      "name": "CHRISTIANSTED",
      "fips_state_code": 78,
      "fips_county_code": 10,
      "latitude": 17.734211,
      "longitude": -64.734694
    },
    {
      "zipcode": 830,
      "name": "ST JOHN",
      "fips_state_code": 78,
      "fips_county_code": 20,
      "latitude": 18.32816,
      "longitude": -64.740737
    },
    {
      "zipcode": 831,
      "name": "ST JOHN",
      "fips_state_code": 78,
      "fips_county_code": 20,
      "latitude": 18.32816,
      "longitude": -64.740737
    },
    {
      "zipcode": 840,
      "name": "FREDERIKSTED",
      "fips_state_code": 78,
      "fips_county_code": 10,
      "latitude": 17.734211,
      "longitude": -64.734694
    },
    {
      "zipcode": 841,
      "name": "FREDERIKSTED",
      "fips_state_code": 78,
      "fips_county_code": 10,
      "latitude": 17.734211,
      "longitude": -64.734694
    },
    {
      "zipcode": 850,
      "name": "KINGSHILL",
      "fips_state_code": 78,
      "fips_county_code": 10,
      "latitude": 17.734211,
      "longitude": -64.734694
    },
    {
      "zipcode": 851,
      "name": "KINGSHILL",
      "fips_state_code": 78,
      "fips_county_code": 10,
      "latitude": 17.734211,
      "longitude": -64.734694
    },
    {
      "zipcode": 902,
      "name": "SAN JUAN",
      "fips_state_code": 72,
      "fips_county_code": 127,
      "latitude": 18.410462,
      "longitude": -66.060533
    },
    {
      "zipcode": 908,
      "name": "SAN JUAN",
      "fips_state_code": 72,
      "fips_county_code": 127,
      "latitude": 18.410462,
      "longitude": -66.060533
    },
    {
      "zipcode": 910,
      "name": "SAN JUAN",
      "fips_state_code": 72,
      "fips_county_code": 127,
      "latitude": 18.410462,
      "longitude": -66.060533
    },
    {
      "zipcode": 914,
      "name": "SAN JUAN",
      "fips_state_code": 72,
      "fips_county_code": 127,
      "latitude": 18.410462,
      "longitude": -66.060533
    },
    {
      "zipcode": 916,
      "name": "SAN JUAN",
      "fips_state_code": 72,
      "fips_county_code": 127,
      "latitude": 18.410462,
      "longitude": -66.060533
    },
    {
      "zipcode": 919,
      "name": "SAN JUAN",
      "fips_state_code": 72,
      "fips_county_code": 127,
      "latitude": 18.410462,
      "longitude": -66.060533
    },
    {
      "zipcode": 922,
      "name": "SAN JUAN",
      "fips_state_code": 72,
      "fips_county_code": 127,
      "latitude": 18.410462,
      "longitude": -66.060533
    },
    {
      "zipcode": 928,
      "name": "SAN JUAN",
      "fips_state_code": 72,
      "fips_county_code": 127,
      "latitude": 18.410462,
      "longitude": -66.060533
    },
    {
      "zipcode": 929,
      "name": "SAN JUAN",
      "fips_state_code": 72,
      "fips_county_code": 127,
      "latitude": 18.410462,
      "longitude": -66.060533
    },
    {
      "zipcode": 930,
      "name": "SAN JUAN",
      "fips_state_code": 72,
      "fips_county_code": 127,
      "latitude": 18.410462,
      "longitude": -66.060533
    },
    {
      "zipcode": 931,
      "name": "SAN JUAN",
      "fips_state_code": 72,
      "fips_county_code": 127,
      "latitude": 18.410462,
      "longitude": -66.060533
    },
    {
      "zipcode": 933,
      "name": "SAN JUAN",
      "fips_state_code": 72,
      "fips_county_code": 127,
      "latitude": 18.410462,
      "longitude": -66.060533
    },
    {
      "zipcode": 935,
      "name": "SAN JUAN",
      "fips_state_code": 72,
      "fips_county_code": 127,
      "latitude": 18.410462,
      "longitude": -66.060533
    },
    {
      "zipcode": 936,
      "name": "SAN JUAN",
      "fips_state_code": 72,
      "fips_county_code": 127,
      "latitude": 18.410462,
      "longitude": -66.060533
    },
    {
      "zipcode": 937,
      "name": "SAN JUAN",
      "fips_state_code": 72,
      "fips_county_code": 127,
      "latitude": 18.410462,
      "longitude": -66.060533
    },
    {
      "zipcode": 938,
      "name": "SAN JUAN",
      "fips_state_code": 72,
      "fips_county_code": 127,
      "latitude": 18.410462,
      "longitude": -66.060533
    },
    {
      "zipcode": 939,
      "name": "SAN JUAN",
      "fips_state_code": 72,
      "fips_county_code": 127,
      "latitude": 18.410462,
      "longitude": -66.060533
    },
    {
      "zipcode": 940,
      "name": "SAN JUAN",
      "fips_state_code": 72,
      "fips_county_code": 127,
      "latitude": 18.410462,
      "longitude": -66.060533
    },
    {
      "zipcode": 950,
      "name": "TOA BAJA",
      "fips_state_code": 72,
      "fips_county_code": 137,
      "latitude": 18.457761,
      "longitude": -66.196503
    },
    {
      "zipcode": 951,
      "name": "TOA BAJA",
      "fips_state_code": 72,
      "fips_county_code": 137,
      "latitude": 18.457761,
      "longitude": -66.196503
    },
    {
      "zipcode": 954,
      "name": "TOA ALTA",
      "fips_state_code": 72,
      "fips_county_code": 135,
      "latitude": 18.358939,
      "longitude": -66.258108
    },
    {
      "zipcode": 955,
      "name": "SAN JUAN",
      "fips_state_code": 72,
      "fips_county_code": 127,
      "latitude": 18.410462,
      "longitude": -66.060533
    },
    {
      "zipcode": 958,
      "name": "BAYAMON",
      "fips_state_code": 72,
      "fips_county_code": 21,
      "latitude": 18.34487,
      "longitude": -66.166014
    },
    {
      "zipcode": 960,
      "name": "BAYAMON",
      "fips_state_code": 72,
      "fips_county_code": 21,
      "latitude": 18.34487,
      "longitude": -66.166014
    },
    {
      "zipcode": 963,
      "name": "CATANO",
      "fips_state_code": 72,
      "fips_county_code": 33,
      "latitude": 18.443217,
      "longitude": -66.139293
    },
    {
      "zipcode": 970,
      "name": "GUAYNABO",
      "fips_state_code": 72,
      "fips_county_code": 61,
      "latitude": 18.359143,
      "longitude": -66.112295
    },
    {
      "zipcode": 975,
      "name": "SAN JUAN",
      "fips_state_code": 72,
      "fips_county_code": 127,
      "latitude": 18.410462,
      "longitude": -66.060533
    },
    {
      "zipcode": 977,
      "name": "TRUJILLO ALTO",
      "fips_state_code": 72,
      "fips_county_code": 139,
      "latitude": 18.337004,
      "longitude": -65.990099
    },
    {
      "zipcode": 978,
      "name": "ST JUST",
      "fips_state_code": 72,
      "fips_county_code": 139,
      "latitude": 18.337004,
      "longitude": -65.990099
    },
    {
      "zipcode": 981,
      "name": "CAROLINA",
      "fips_state_code": 72,
      "fips_county_code": 127,
      "latitude": 18.410462,
      "longitude": -66.060533
    },
    {
      "zipcode": 984,
      "name": "CAROLINA",
      "fips_state_code": 72,
      "fips_county_code": 31,
      "latitude": 18.393355,
      "longitude": -65.972495
    },
    {
      "zipcode": 986,
      "name": "CAROLINA",
      "fips_state_code": 72,
      "fips_county_code": 31,
      "latitude": 18.393355,
      "longitude": -65.972495
    },
    {
      "zipcode": 988,
      "name": "CAROLINA",
      "fips_state_code": 72,
      "fips_county_code": 31,
      "latitude": 18.393355,
      "longitude": -65.972495
    },
    {
      "zipcode": 1003,
      "name": "AMHERST",
      "fips_state_code": 25,
      "fips_county_code": 15,
      "latitude": 42.369562,
      "longitude": -72.63599
    },
    {
      "zipcode": 1004,
      "name": "AMHERST",
      "fips_state_code": 25,
      "fips_county_code": 15,
      "latitude": 42.384494,
      "longitude": -72.513183
    },
    {
      "zipcode": 1009,
      "name": "BONDSVILLE",
      "fips_state_code": 25,
      "fips_county_code": 13,
      "latitude": 42.206092,
      "longitude": -72.340486
    },
    {
      "zipcode": 1014,
      "name": "CHICOPEE",
      "fips_state_code": 25,
      "fips_county_code": 13,
      "latitude": 42.170731,
      "longitude": -72.604842
    },
    {
      "zipcode": 1021,
      "name": "CHICOPEE",
      "fips_state_code": 25,
      "fips_county_code": 13,
      "latitude": 42.170731,
      "longitude": -72.604842
    },
    {
      "zipcode": 1041,
      "name": "HOLYOKE",
      "fips_state_code": 25,
      "fips_county_code": 13,
      "latitude": 42.170731,
      "longitude": -72.604842
    },
    {
      "zipcode": 1059,
      "name": "NORTH AMHERST",
      "fips_state_code": 25,
      "fips_county_code": 15,
      "latitude": 42.369562,
      "longitude": -72.63599
    },
    {
      "zipcode": 1061,
      "name": "NORTHAMPTON",
      "fips_state_code": 25,
      "fips_county_code": 15,
      "latitude": 42.369562,
      "longitude": -72.63599
    },
    {
      "zipcode": 1063,
      "name": "NORTHAMPTON",
      "fips_state_code": 25,
      "fips_county_code": 15,
      "latitude": 42.317939,
      "longitude": -72.640234
    }
  ]
}